,Name,Sector,Symbol,Q1 Rev Growth,Q1 Op Inc Growth,Q1 EPS Growth,Q2 Rev Growth,Q2 Op Inc Growth,Q2 EPS Growth,Q3 Rev Growth,Q3 Op Inc Growth,Q3 EPS Growth
0,3M Company,Industrials,MMM,0.015016894005756476,-0.35902536051715567,-0.38755630195155544,-0.004438416964615954,0.29014740108611325,0.33608346612946866,-0.1113312693498452,0.04630186410102225,-0.00034655960825249137
1,A.O. Smith Corp,Industrials,AOS,0.031172754737709422,0.023936170212765957,0.054669574286527016,-0.1518178186176588,-0.41385281385281386,-0.4293574022798375,0.04239284032030146,0.28508124076809455,0.3172537652025963
2,Abbott Laboratories,Health Care,ABT,0.029470034670629024,0.10684474123539232,0.09428141319902603,-0.07072407986528746,-0.39064856711915535,-0.46204144021739135,-0.05151436707222366,-0.15594059405940594,-0.0502604577742699
3,AbbVie Inc.,Health Care,ABBV,0.02653614813067579,0.511654566297287,0.48272984886649867,-0.009765625,-0.08923154701718908,-0.005940562521898757,0.20953706926557605,-0.791285040244241,-1.2393042345137706
4,ABIOMED Inc,Health Care,ABMD,0.08103466781152732,0.1674420923199628,4.32054794520548,-0.06736045923893422,-0.2406382100513813,-0.5382172753439489,-0.20230525796243068,-0.3614859799070325,0.3994481693805488
5,Accenture plc,Information Technology,ACN,-0.019143745403407603,-0.15748533183798902,-0.0730854082819282,-0.01348112306192027,0.15029970885425586,-0.017806896622936722,-0.014196130486780232,-0.09810635983542093,0.044969512195121956
6,Activision Blizzard,Communication Services,ATVI,0.5491419656786272,0.8380566801619433,1.5635511546165766,-0.09969788519637462,0.34801762114537443,-0.038095799731678155,0.08053691275167785,0.2238562091503268,0.14555904667024294
7,Adobe Inc.,Information Technology,ADBE,0.033107226235776395,-0.03395289566691273,0.12302377495566943,0.011970236169524426,0.08431163287086446,0.15895491499614198,0.031010230179028132,0.05216535433070866,-0.1318186628101797
8,Advance Auto Parts,Consumer Discretionary,AAP,-0.08628151131479266,-0.26802957151478574,-0.21410776527055603,0.27703499077446236,-0.3782652470687099,-0.5433004456917674,-0.07283565404268978,2.3515460631176284,3.3642500079600084
9,Advanced Micro Devices Inc,Information Technology,AMD,0.1810105496946141,0.5068493150684932,0.3653541841198921,-0.16031969910672308,-0.19545454545454546,-0.09769566403054274,0.08174692049272117,-0.022598870056497175,-0.03324518322629382
10,AES Corp,Utilities,AES,-0.0739047619047619,-0.43970588235294117,-1.3714267564477194,-0.03825586178527355,0.32020997375328086,2.843423978108432,-0.05175363558597092,-0.15904572564612326,-1.578976666512038
11,AFLAC Inc,Financials,AFL,-0.010098884914790659,0.0192131747483989,0.013976909379846393,0.0034006376195536664,-0.30430879712746856,-0.26547895541834254,-0.002965473416649015,0.4619354838709677,0.43757631846167694
12,Agilent Technologies Inc,Health Care,A,-0.0073152889539136795,-0.14,0.012222776178452615,-0.08769344141488578,-0.5255813953488372,-0.4856607191089785,0.018578352180936994,1.2549019607843137,0.9702829605832202
13,Air Products & Chemicals Inc,Materials,APD,-0.012482480728801681,-0.06996021220159152,-0.054852227516194604,-0.017031090610724265,0.028877005347593583,0.004176769871192878,-0.06817669088119839,-0.06583506583506583,-0.06593156070439911
14,Akamai Technologies Inc,Information Technology,AKAM,0.08763198819008554,-0.05560091842360544,-0.13294507959997143,-0.010129215163905234,0.12568540222580216,0.03551077710793631,0.03979186237900725,0.2501083174686536,0.30616476593029746
15,Alaska Air Group Inc,Industrials,ALK,-0.06739221431561322,-0.4028436018957346,-0.442094961412053,-0.26570915619389585,-2.2738095238095237,-2.3045643210840008,-0.7426650366748166,0.102803738317757,0.0811606325140156
16,Albemarle Corp,Materials,ALB,0.1282380047900135,-0.46024298236488964,-0.41716878825892334,-0.2556197887491386,0.2927321600649186,0.18378340233345875,0.03411270293498636,-0.11882866200056495,-0.2014704421261798
17,Alexandria Real Estate Equities,Real Estate,ARE,0.045149097018059636,0.47355847849271243,5.182826603325415,0.07793165635092156,-0.02194387617246304,-0.9139110830962481,-0.006735330822265008,-0.013112457327781834,11.172691292875989
18,Alexion Pharmaceuticals,Health Care,ALXN,0.0959543979099042,0.020754716981132074,0.9139880452264924,0.043704399335404175,0.2855822550831793,-0.37165218045678594,-0.00013842746400885935,-2.9700934579439253,-2.9329005884372483
19,Align Technology,Health Care,ALGN,0.06988825058739653,0.18873474267019,0.19196331246690965,-0.15208676073851893,-0.53742639761826,11.548118439359596,-0.36054871198247435,-2.044080208243943,-1.0268328436588368
20,Allegion,Industrials,ALLE,-0.06226546212647672,-0.7446996466431095,-0.9950189257599331,-0.12627834593152512,2.339100346020761,184.3240093240093,0.2356234096692112,0.6621761658031088,0.9998993761320187
21,Alliant Energy Corp,Utilities,LNT,-0.11118965865481721,-0.44555478980013785,-0.5044075978591668,0.04044994886944665,0.17029210689869484,0.4942085759661197,-0.1666484656546904,-0.10727562400424855,-0.22334334788277319
22,Allstate Corp,Financials,ALL,0.008907125700560448,0.9232758620689655,0.9399384791472924,0.003571074298184704,-0.7037203047960556,-0.6860342055578501,-0.0032618365128002373,1.3388804841149773,1.3156590421939691
23,Alphabet Inc. (Class A),Communication Services,GOOGL,0.13768241191140523,0.009698158439577205,0.5162898256379661,-0.10669560499186109,-0.13911072739045974,-0.39710769403160584,-0.06953521708496319,-0.199824495424345,0.025365752452127237
24,Alphabet Inc. (Class C),Communication Services,GOOG,0.13768241191140523,0.009698158439577205,0.5162898256379661,-0.10669560499186109,-0.13911072739045974,-0.39710769403160584,-0.06953521708496319,-0.199824495424345,0.025365752452127237
25,Altria Group Inc,Consumer Staples,MO,-0.12383313885647608,0.18289353958143767,0.30236518040607535,0.058598301981022144,2.2216035634743876,1.860248607120421,0.0012580594433086963,0.2921604375569736,0.2512600112533072
26,Amazon.com Inc.,Consumer Discretionary,AMZN,0.24942484388619768,0.22869813113715554,0.5283635599284857,-0.1370602497826982,0.028357824181490073,-0.2258297804610827,0.17839156019721147,0.46477813988468286,1.0560552348559247
27,Amcor plc,Materials,AMCR,-0.03107587480497978,0.9366998577524893,1.83050012318305,0.03217114127041504,-0.004039662137348513,-0.009400295935242506,0.0005412289079910857,0.1426991150442478,0.000527194446885199
28,Ameren Corp,Utilities,AEE,-0.20675105485232068,-0.6557692307692308,-0.7416553909336306,0.09422492401215805,0.3463687150837989,0.5488090538228715,-0.029166666666666667,0.46887966804979253,0.6657263751763046
29,American Airlines Group,Industrials,AAL,-0.24732608503491557,-4.496570644718793,-6.539535715789031,-0.8095126247798003,0.02471557473519027,0.08429915028371354,0.9556103575832305,-0.15526950925181013,0.9969379816818281
30,American Electric Power,Utilities,AEP,-0.16199304750869062,-0.6924441661448549,-0.7901299613628381,0.036366150442477874,1.5503902273498473,2.222465400708079,-0.0676450967311541,-0.03845130388504524,0.04598389964243631
31,American Express Co,Financials,AXP,0.028797190517998245,-0.1235657546337158,-0.02112500176709236,-0.09233657620754394,-0.7724068479355488,-0.7813459779521494,-0.2539488529522377,0.37610619469026546,-0.2971312828867705
32,American International Group,Financials,AIG,-0.010959542963740236,-0.1318407960199005,0.4152726378893607,-0.007898149239655781,1.086676217765043,0.9201844865349917,-0.006416349809885932,-4.191211809131479,-5.595092610273057
33,American Tower Corp.,Real Estate,AMT,-0.015305077805077805,-0.09199505698201291,0.12806137503688395,0.03607631127514685,0.06184787539694541,-0.2621691674791335,-0.04018865084541669,-0.015522643121617772,0.07485711830174904
34,American Water Works Company Inc,Utilities,AWK,-0.10957551826258638,-0.458128078817734,-0.5916649697956967,-0.06430155210643015,0.08636363636363636,0.2652925531914893,0.10308056872037914,0.30962343096234307,0.41936708121679217
35,Ameriprise Financial,Financials,AMP,-0.07370934049537452,-0.15728715728715728,-0.12787670571216955,-0.025128865979381444,3.1044520547945207,3.5106066329443237,-0.09781890284203569,-1.2023362536503963,-1.2715119032027322
36,AmerisourceBergen Corp,Health Care,ABC,0.048795952092521896,0.46483282455057523,0.4584664021420047,-0.009340967512161666,0.17491088951058506,4.1288735042356945,-0.04325103575907691,0.23630841800882024,-0.6963621504949726
37,AMETEK Inc.,Industrials,AME,0.02207995563329477,-0.011296901573129252,-0.0018198456770866134,-0.07863377428781419,0.2532630058288959,0.26627564149311883,-0.15828743206307008,-0.39151297447994854,-0.40640580520955033
38,Amgen Inc.,Health Care,AMGN,0.08018127941432805,-0.172859450726979,-0.12740509620384818,-0.0058092625463934166,0.14990234375,0.07704900792259699,0.007304009089433534,-0.013588110403397028,-0.00871634134989374
39,Amphenol Corp,Information Technology,APH,0.023993144815766924,0.07638367142499373,0.12962497678635815,-0.13435611343561135,-0.2626803164262448,-0.23613488448557646,0.06740064446831365,0.12780056800252446,0.07318740584131972
40,Analog Devices Inc.,Information Technology,ADI,-0.09676563293581916,-0.19190450436072715,-0.2652015241775344,0.010352379819955276,0.2581739982737686,0.3164372055654968,0.10559579669870772,0.21831288878553573,0.3522248113626275
41,ANSYS,Information Technology,ANSS,0.4138686067711741,0.7679324492846059,0.827064426790352,-0.37275311170891023,-0.816531693553598,-0.7234600537092983,0.2645244848107284,2.310744577818214,1.1067635232531674
42,Anthem,Health Care,ANTM,0.026017243987293905,-0.23058542413381122,-0.2040527472527472,0.08536045997346307,0.7725155279503105,0.6401605937772672,-0.009168704156479218,0.4673674989049496,0.5002693629901985
43,Aon plc,Financials,AON,0.2126944094157209,0.46537396121883656,0.7017706358779943,0.11577123050259966,1.0,1.0835348024758553,-0.22429325877601738,-0.44517958412098296,-0.4824686902928517
44,Apache Corporation,Energy,APA,0.13004172461752433,-43.65714285714286,-16.50582130264121,-0.17292307692307693,-0.46450100468854655,-0.5013934810423238,-0.44047619047619047,0.9647839012119827,0.9138396115374393
45,Apartment Investment & Management,Real Estate,AIV,0.0008919752683540229,-0.051751365625080904,66.45755071374906,-0.023822772483828338,-0.02637326635360926,-0.9496803510569577,-0.025579821155010864,-0.10436879591722281,4.848826914563967
46,Apple Inc.,Information Technology,AAPL,0.4337757651467833,0.636416,0.6487032804428531,-0.36491357997800017,-0.49732097461770114,-0.4883726520930829,0.02352820125872447,0.018517077725044736,0.011809482043009054
47,Applied Materials Inc.,Information Technology,AMAT,0.10868407032498668,0.20601851851851852,0.282063580888427,-0.04925516578567996,-0.10556621880998081,-0.14992101762554036,0.1106899166034875,0.1888412017167382,0.11512506418249832
48,Aptiv PLC,Consumer Discretionary,APTV,0.010396178701882551,-0.003125,-0.07124356373849279,-0.10289210233592881,4.075235109717869,5.882053177429833,-0.39243645381277126,-1.1945645460160592,-1.230839209661644
49,Archer-Daniels-Midland Co,Consumer Staples,ADM,-0.02373550161425326,-0.07829977628635347,0.23395720075804732,-0.08322616204299099,-0.4029126213592233,-0.2228375409174477,0.0875751503006012,0.8455284552845529,0.2037619363586534
50,Arista Networks,Information Technology,ANET,-0.15566421918812987,-0.23016456260990525,0.25649827588872914,-0.0534199867522342,-0.14959457693378564,-0.4672251689043675,0.03353733731781603,0.11577421122262165,0.054414422738218185
51,Arthur J. Gallagher & Co.,Financials,AJG,-0.056870479947403026,-0.1815365551425031,-0.2225482041587901,0.08452422446845591,2.1710825132475398,2.486626855219903,-0.15153462959987143,-0.4585820004774409,-0.5582223114860191
52,Assurant,Financials,AIZ,0.04393278327357553,0.8391608391608392,-3.3258709553723484,0.03653893900521394,-0.48626953950147866,0.1789669685978627,-0.07768773204519143,1.0814144736842106,0.1563445972624374
53,AT&T Inc.,Communication Services,T,0.05008073921234413,-0.3265409441842805,-0.35173661504204856,-0.08632878409260802,0.40687840631460254,0.959824577544699,-0.04275462259519858,-0.5281859471012557,-0.7204243865798697
54,Atmos Energy,Utilities,ATO,0.9733976735642339,1.817600178342529,2.0204747348337198,1.116612967884664,1.3111665829314703,1.3147656340209337,-0.7339803844966728,-0.7620156140077607,-0.7190694726463926
55,Autodesk Inc.,Information Technology,ADSK,0.06716506467307463,0.20976491862567812,0.9600785122592235,-0.015122873345935728,-0.02391629297458894,-0.4899691096099664,0.03093598283843288,0.11868300153139356,0.4706821963394343
56,Automatic Data Processing,Information Technology,ADP,0.04971822524816203,0.13348978464936498,0.12424305856670807,0.10309306445019757,0.2813299232736573,0.2641956098177296,-0.16576905973615297,-0.5112631879098944,-0.49685183918868453
57,AutoZone Inc,Consumer Discretionary,AZO,-0.1000254919553547,-0.1841615285696858,-0.13395928297771192,0.10567685485285816,0.2052640352210385,0.1616920282542886,0.6356527311383194,1.0705733282079757,1.1536316420739852
58,AvalonBay Communities,Real Estate,AVB,0.0101308173917187,0.017446699332294542,-0.40107010701070106,0.01362106320105936,-0.14518817386170035,-0.003823868285270617,-0.04196120342191736,-0.047185627019131836,0.01729860203158
59,Avery Dennison Corp,Materials,AVY,0.006528897467923243,-0.08577753182069729,0.12511802203859976,-0.028145975520333915,0.08716707021791767,-0.16826336693527363,-0.11288450377248985,-0.4237193763919822,-0.4039869149976187
60,Baker Hughes Co,Energy,BKR,-0.14540012602394456,-49.663636363636364,-213.69936063120662,-0.12700460829493088,-0.9967619403449779,-0.9803735466594353,-0.3051097972972973,-0.057692307692307696,-0.7067161990419396
61,Ball Corp,Materials,BLL,-0.07924144937351846,0.04040404040404041,0.766337146876967,0.024273630011033467,-0.24757281553398058,-0.8549269499234913,0.005745062836624776,0.14838709677419354,3.094350527380437
62,Bank of America Corp,Financials,BAC,-0.020081553908887623,0.19098994022452254,0.2478224265777289,0.01870329768669739,-0.445342147141633,-0.41294616791872646,-0.019370140993543287,-0.16155374089604943,-0.10944613888520523
63,Baxter International Inc.,Health Care,BAX,0.06594177481585409,-1.4353876739562623,-1.0640483639130802,-0.07798617966436328,2.867579908675799,15.156435643564357,-0.029978586723768737,-0.19070904645476772,-0.2604715500225362
64,Becton Dickinson,Health Care,BDX,-0.07831588132635253,3.5135135135135136,0.7137292258492522,0.006627218934911243,-0.26147704590818366,-0.3395503498932949,-0.09358100164589701,-0.032432432432432434,0.5074169259209163
65,Berkshire Hathaway,Financials,BRK.B,0.02160445297021919,0.10101920153161777,0.17522196768781279,0.006094933201994705,0.8698409451235105,0.7667589042779923,-0.06276771508995227,-2.732693307075846,-2.7263156313644337
66,Best Buy Co. Inc.,Consumer Discretionary,BBY,0.5563293732077018,1.4481012658227848,1.5436130445407892,-0.4365622532245328,-0.7631851085832472,-0.7827247300961476,0.15743985050221912,1.480349344978166,1.6993612839829675
67,Bio-Rad Laboratories,Health Care,BIO,0.11379101836673902,-0.04272537417333797,3.10619311947331,-0.08453176346992768,0.35211344423234253,0.24307494459189555,-0.060814073094443394,-0.20882578355048204,0.4154379443309871
68,Biogen Inc.,Health Care,BIIB,-0.03731648190014436,0.023738538561062048,0.0004319777401500539,0.04167727697139462,0.08494972251222595,0.1857815730314836,-0.6809267709691439,-0.4497847556343378,-0.515870374292717
69,BlackRock,Financials,BLK,0.07719393282773565,0.023968042609853527,0.15355481114454134,-0.06713603218506412,-0.5552665799739922,-0.375471919930868,-0.016711590296495958,1.0555555555555556,0.5228007529740536
70,Boeing Company,Industrials,BA,0.02902902902902903,-2.750595710881652,-1.8676044260162443,-0.17762645914396888,0.38611615245009073,0.37678864254105177,-0.30169150697894487,-1.1906873614190687,-2.7800926343107393
71,Booking Holdings Inc,Consumer Discretionary,BKNG,-0.3375,-0.5054852320675105,-0.3904357713984234,-0.31476489967056004,-1.348976109215017,-1.6129337960010233,-0.7246503496503497,-0.18337408312958436,1.174952087570987
72,BorgWarner,Consumer Discretionary,BWA,0.026886035313001606,0.7318840579710145,0.131276717922542,-0.10941774130519734,-0.604602510460251,-0.4119267176146565,-0.3742869679684072,-1.4126984126984128,-1.76042582439539
73,Boston Properties,Real Estate,BXP,0.018758582105108848,0.1330356809730496,0.2980674838022045,-0.006528044187400413,-0.007109091441283222,2.4791054451166814,-0.12993451650109758,-0.28412604239983197,-0.4621862830951538
74,Boston Scientific,Health Care,BSX,0.07277428888067972,-0.4516971279373368,31.124635731898678,-0.12431129476584023,-0.3047619047619048,-0.9975332849526892,-0.21234762092017304,-1.4863013698630136,-15.837340876944836
75,Bristol-Myers Squibb,Health Care,BMY,0.32262360579324123,-0.928391167192429,-1.6649155223844547,0.3569540591567023,2.881057268722467,0.37660969540657857,-0.06047676467860124,0.06923950056753689,0.8905658178427831
76,Broadcom Inc.,Information Technology,AVGO,0.014196675900277008,-0.3225806451612903,-0.5497824229148454,-0.019801980198019802,0.07282913165266107,0.47285282598972367,0.013758272378962034,0.31592689295039167,0.20754451456166864
77,Broadridge Financial Solutions,Information Technology,BR,0.02118912080961417,-0.6333789329685362,-0.8194691748538869,0.2902859502425932,7.4440298507462686,15.55256440009283,0.08960716857348588,0.32037118868758285,0.37980371538731156
78,Brown-Forman Corp.,Consumer Staples,BF.B,-0.0910010111223458,-0.13636363636363635,-0.18132251963674167,-0.21134593993325917,-0.3848684210526316,-0.4453994880226435,0.06205923836389281,1.0695187165775402,1.5307715400780546
79,C. H. Robinson Worldwide,Industrials,CHRW,-0.01628730551754971,-0.3196608399433076,-0.3179942162450516,0.003079619310336101,-0.20003508618043067,-0.2113265544165878,-0.04656021748180293,0.7250274122807018,0.8468150261862093
80,Cabot Oil & Gas,Energy,COG,0.07517169217288767,0.7122371452568637,0.6580890784826384,-0.16236713426158728,-0.6111723647557029,-0.6270609715613589,-0.14001298980222895,-0.37829423270564,-0.4385431347822863
81,Cadence Design Systems,Information Technology,CDNS,0.0306927637998182,0.2796352583586626,-0.8118154691261741,0.03311071805967082,0.09041198125596515,0.059574755619622576,-0.012670382100755304,0.11399802566633761,0.2541717152392491
82,Campbell Soup,Consumer Staples,CPB,-0.00961978928080623,0.09119496855345911,6.253226248060601,0.03515263644773358,0.01729106628242075,-0.8609274023071813,-0.0580875781948168,-0.5779036827195467,-0.48810234695908655
83,Capital One Financial,Financials,COF,0.06725104181635293,-0.15023474178403756,-0.1015944927177163,-0.023966608320990977,-2.3142265193370166,-2.153649475438382,-0.09559939301972686,0.232790331056227,0.31357570210905916
84,Cardinal Health Inc.,Health Care,CAH,0.0641118341769101,1.0626899696048633,1.0450013771636204,-0.01454636969925758,0.6878787878787879,0.5909127355338768,-0.06302832188369896,-0.5278276481149012,0.8806783818291783
85,Carmax Inc,Consumer Discretionary,KMX,0.03600438243784796,0.2156539622691258,0.24663383857813342,-0.34936251760708836,-0.9849475659086226,-0.9765159697577535,0.6638367037477291,92.26152737752162,57.84986859395533
86,Carnival Corp.,Consumer Discretionary,CCL,0.0014638226683396068,-2.4701030927835053,-2.8686643863640082,-0.8454792232198789,4.858345021037868,4.313116893353534,-0.9581081081081081,-0.44146516638735933,-0.39190844249716067
87,Carrier Global,Industrials,CARR,,,,,,,,,
88,Caterpillar Inc.,Industrials,CAT,0.03025552594450541,-0.08415841584158416,-0.2603159100726856,-0.19088557516737675,-0.2410810810810811,0.006266663281111149,-0.05999059708509638,-0.4415954415954416,-0.5755012642001726
89,Cboe Global Markets,Financials,CBOE,-0.113710393840687,-0.19131614654002713,-0.18071933028597967,0.5394253257601069,0.8993288590604027,0.8337671374085145,-0.05729788388497016,-0.2857773851590106,-0.2716860485542634
90,CBRE Group,Real Estate,CBRE,0.20156719691360536,0.6228436976913116,1.4905685458678402,-0.1728007683786023,-0.5712876162081266,-0.7294751224927678,-0.08622338503503381,-0.572540741749512,-0.5210417283219888
91,CDW,Information Technology,CDW,-0.07555474050981112,-0.11478477854023705,-0.07605237038766925,-0.032555269016288656,-0.1338971106412967,-0.08475312591328796,-0.005354050852091497,0.1529698942229455,0.1309450864308337
92,Celanese,Materials,CE,-0.09709962168978563,-0.7384615384615385,-0.8333950614389993,0.019553072625698324,1.8529411764705883,4.144131468610181,-0.18287671232876712,-0.5721649484536082,-0.5071742329341874
93,Centene Corporation,Health Care,CNC,-0.005954890387858347,0.4034090909090909,1.1865965253525486,0.37968509781052856,-0.04048582995951417,-0.8315508561955401,0.06482228626320845,7.561181434599156,23.63718194911186
94,CenterPoint Energy,Utilities,CNP,0.17797228300510576,-0.22959183673469388,-0.41924623585523235,-0.32910216718266255,-0.2814569536423841,-8.692270531400967,-0.27318874019381634,0.08294930875576037,1.082790093994013
95,CenturyLink Inc,Communication Services,CTL,-0.006421691045308598,-0.10842105263157895,-0.26036513754937907,-0.06140035906642729,0.15702479338842976,0.39667035557907904,-0.006885998469778117,-0.07857142857142857,0.19974506493953917
96,Cerner,Health Care,CERN,0.008957429125496352,1.059441071448686,0.9090200965882537,-0.021141536174485102,-0.024366764935924434,-0.038477231924269606,-0.0576536347672838,-0.17646992868995828,-0.06785486950986634
97,CF Industries Holdings Inc,Materials,CF,0.010597302504816955,-0.18085106382978725,-0.14688306396849118,-0.07435653002859867,-0.045454545454545456,0.24946270795192238,0.2399588053553038,0.9047619047619048,1.8201885710645347
98,Charles Schwab Corporation,Financials,SCHW,-0.06662180349932706,-0.10032362459546926,-0.0937061590515226,-0.007570295602018745,-0.05845323741007194,-0.06762478563732117,-0.07482746095168907,-0.1518624641833811,-0.15596464671126523
99,Charter Communications,Communication Services,CHTR,0.027161572052401748,0.21941992433795712,0.8721135338561865,-0.0019556160190459995,-0.08221302998965874,-0.42890507991848553,-0.003578122337706594,0.08901408450704225,0.9518005599711953
100,Chevron Corp.,Energy,CVX,-0.0013823292247436931,-3.721639656816015,-3.59450908423564,-0.15665013265659244,1.3482778750729714,1.5458087297028889,-0.4480235261934072,-3.5460945357023133,-3.313152833719526
101,Chipotle Mexican Grill,Consumer Discretionary,CMG,0.02602199762484354,-0.15105387429619188,-0.26511089481838124,-0.02044959672939765,-0.27542890908349976,0.05682165500270359,-0.03263036124901827,-1.0694450303004739,-0.8930193583312013
102,Chubb Limited,Financials,CB,-0.047075777590969134,-0.14101646385110952,0.08050610798258104,-0.01776937618147448,-0.46,-0.7845216904649012,0.042853477033615604,-1.3287037037037037,-2.3225655177389393
103,Church & Dwight,Consumer Staples,CHD,0.05030291903800257,-0.0996309963099631,-0.07468085790539887,0.018353434714210803,0.6116803278688525,0.5907771966708947,0.024974253347064882,-0.2031150667514304,-0.17549205933110512
104,CIGNA Corp.,Health Care,CI,-0.008296908943387337,-0.24011039558417663,-0.2723576325104171,0.00422275006598047,0.08232445520581114,0.21317790674404635,0.02607095926412615,0.4893736017897092,0.500975456561254
105,Cincinnati Financial,Financials,CINF,-0.0041293874741913286,1.577922077922078,1.531844709464603,0.009675190048375951,-2.968513853904282,-2.9934830310894496,0.018480492813141684,1.7415227127319257,1.7446487893874105
106,Cintas Corporation,Industrials,CTAS,-0.5045954896565914,-0.5088244017420895,-0.5287387632797603,-0.10552244279396106,-0.3407510519558115,-0.37547481420313794,0.07840964099423062,0.6858663478504006,1.0570981532901405
107,Cisco Systems,Information Technology,CSCO,-0.08769663348278744,-0.05560212349818385,-0.013391553244932547,-0.0018325697625989172,0.010059171597633136,-0.0322828934708921,0.014270216139531002,-0.048916227299355595,-0.049527363945058085
108,Citigroup Inc.,Financials,C,-0.010552385054377087,-0.05313849219528396,0.04631286569678765,0.12803351833714224,-0.4545773412837601,-0.4807473040132993,-0.04616275143504896,-0.5344051446945337,-0.47082980631427207
109,Citizens Financial Group,Financials,CFG,-0.0006105006105006105,-0.040780141843971635,0.027355925789457843,0.012217470983506415,-0.9168207024029574,-0.9232484199914699,0.05612552806276403,5.822222222222222,6.473099267491791
110,Citrix Systems,Information Technology,CTXS,0.10495551240890652,0.6724652849834433,-0.23783683184609805,0.06312737474732133,0.08732149697077594,-0.08720601465107312,-0.07203247594213336,-0.28715882647719887,-0.3678448985913311
111,CME Group Inc.,Financials,CME,-0.10874500900336648,-0.1637478108581436,-0.2621061761492278,0.33705200281096276,0.67521815008726,0.631487757220492,-0.22324420208921883,-0.3358683196166267,-0.3431282192831846
112,CMS Energy,Utilities,CMS,0.1610608020698577,-0.11396011396011396,-0.19323837545027078,0.038440111420612814,0.1832797427652733,0.4520186097240919,-0.22585836909871246,-0.25815217391304346,-0.4428717298686666
113,Coca-Cola Company,Consumer Staples,KO,-0.05149977944419938,0.471900089206066,0.3583283935981031,-0.16870131380072084,-0.416969696969697,-0.3575792525170661,0.21006993006993008,0.1943866943866944,-0.005313083772046933
114,Cognizant Technology Solutions,Information Technology,CTSH,0.00847457627118644,-0.06427503736920777,-0.20523281596452334,-0.013772175536881419,-0.07507987220447285,-0.06238143064390133,-0.05325443786982249,-0.19343696027633853,-0.007260176148536056
115,Colgate-Palmolive,Consumer Staples,CL,0.02214867617107943,0.08538011695906433,0.11764705882352947,0.02042341220423412,0.02586206896551724,0.11042233242681165,-0.0488162069807176,-0.0063025210084033615,-0.11240770754547091
116,Comcast Corp.,Communication Services,CMCSA,0.05856040556156111,-0.01741573033707865,-0.017732278490100194,-0.06299739418268892,-0.07528111301696207,-0.32026545050575916,-0.1087601939193506,-0.04225061830173125,0.3947357102920306
117,Comerica Inc.,Financials,CMA,-0.03800475059382423,-0.056451612903225805,-0.053173641768501215,-0.07407407407407407,-1.245014245014245,-1.2467747288630986,-0.042666666666666665,2.627906976744186,2.763487277381288
118,Conagra Brands,Consumer Staples,CAG,-0.09422858763471356,-0.11916154021417179,-0.21614680962735244,0.28684931506849315,-0.05871702017589239,-0.015496090106894293,-0.18522461145411964,0.4391316295685628,0.631251669945833
119,Concho Resources,Energy,CXO,0.11748878923766816,-1.6788321167883211,-1.8497698059793253,-0.26003210272873195,-18.008960573476703,-18.978110080551875,-0.48590021691973967,0.9521070990855096,0.9531000763028329
120,ConocoPhillips,Energy,COP,-0.015092879256965945,-0.67316766278704,-0.761514979308737,-0.19960707269155206,-1.0153994225216554,-3.4491881405899156,-0.5501554573719523,-23.875,1.1504792910110326
121,Consolidated Edison,Utilities,ED,-0.12303120356612184,-0.34832756632064593,-0.3761350268038913,0.09589969501863775,0.4300884955752212,0.26548632596373173,-0.15924551638837353,-0.40717821782178215,-0.49394150293556044
122,Constellation Brands,Consumer Staples,STZ,-0.04826447934380314,1.0400449101796407,0.12278529604178273,0.0317935782227127,0.10621904237754541,-1.4441004107537547,0.15126820821024753,0.38988391376451076,3.5421523448088914
123,Copart Inc,Industrials,CPRT,0.037364904838174395,0.021914300042358233,-0.22612614583561227,-0.04308516187363077,-0.07046957482895966,-0.12622621773669174,-0.044881532088087796,0.05440259147825998,0.12074543807428485
124,Corning Inc.,Information Technology,GLW,-0.03987730061349693,-0.5972602739726027,-0.9733830183657173,-0.15122470713525027,-1.8231292517006803,-13.632,0.07109995817649518,0.1487603305785124,0.25949968334388845
125,Corteva,Materials,CTVA,0.5609628466771324,0.6786248131539612,0.9575032999044166,0.32618169627891386,2.7255813953488373,13.904676901106747,0.3121840242669363,1.1159029649595686,1.797487965473358
126,Costco Wholesale Corp.,Consumer Staples,COST,0.05485961123110151,0.19321394910461828,0.10296645586588654,-0.04622235872235872,-0.06872037914691943,-0.1001553757137274,0.4324853754092202,0.6361323155216285,0.6557044491525426
127,Coty Inc,Consumer Staples,COTY,0.20702079472925675,-0.719047619047619,-1.4038015089959375,-0.34840085287846484,-8.310734463276836,-11.827524254401723,-0.6332460732984293,-2.5568006182380216,-1.8122076248634418
128,Crown Castle International Corp.,Real Estate,CCI,-0.037786774628879895,-0.10401891252955082,-0.1404957250194317,-0.0035063113604488078,-0.0395778364116095,-0.1105886135728784,0.013370865587614356,0.0521978021978022,0.07851687830448734
129,CSX Corp.,Industrials,CSX,-0.010398613518197574,0.02079722703639515,0.003869875438384281,-0.21015761821366025,-0.29711375212224106,-0.3468758784082239,0.17427937915742794,0.3780193236714976,0.4755837009483699
130,Cummins Inc.,Industrials,CMI,-0.03294036061026352,-0.49356223175965663,-0.5037412825096302,-0.10164933667981356,0.7909604519774012,0.7317778488044685,-0.23129115944921175,-0.47003154574132494,-0.45367937213819287
131,CVS Health,Health Care,CVS,0.03207838296559173,0.06598806598806599,0.13734477019587757,-0.0020033189313639014,0.13862364175172867,0.14795470406807898,-0.02118193393753277,0.3533834586466165,0.48005203532649543
132,D. R. Horton,Consumer Discretionary,DHI,-0.20206791164738336,-0.20724132707165582,-0.14279353158140812,0.11920809809237197,0.18727307471813492,0.12915346388932183,0.19777777777777777,0.25929502655721876,0.3151413850211617
133,Danaher Corp.,Health Care,DHR,-0.43674190538582175,-0.017129851461427887,0.9182924832141492,0.5307158213794805,-0.14990859232175502,-0.5215530488429536,0.2197278441666091,0.862652329749104,0.5358646777531939
134,Darden Restaurants,Consumer Discretionary,DRI,0.1410717759190819,20.244274809160306,8.473607772435898,-0.4587257617728532,-3.121810995328782,-3.0380823496450264,0.20258247382095898,1.0958509737510584,1.07153046879458
135,DaVita Inc.,Health Care,DVA,-0.0018918224648236033,0.2954236139503884,0.9839590263477482,-0.019784487874079205,-0.0003458801352391329,0.005008756008111906,0.013635610123337125,-0.11354848754833184,-0.1393926233502108
136,Deere & Co.,Industrials,DE,-0.22847615198059823,-0.26371826371826373,-0.28135678414116333,0.21453831041257368,0.15016685205784205,0.29227125756952904,-0.037528307990941444,0.5087040618955513,0.219260680067988
137,Delta Air Lines Inc.,Industrials,DAL,-0.24888539207972724,-1.2930664760543245,-1.4916802055168126,-0.8291433891992551,10.74390243902439,9.739770965048312,0.3201634877384196,0.3262720664589823,-0.05921816253200259
138,Dentsply Sirona,Health Care,XRAY,0.15528531337698784,0.24748858447488584,0.21923534859108346,-0.21340530814215025,-1.9136163982430454,-2.374362535535253,-0.43886537801669906,0.1642628205128205,0.31123286806038025
139,Devon Energy,Energy,DVN,-0.33730373578776396,-1.05,-7.155503343574914,0.7050653594771242,-159.76923076923077,-1.828659009231203,-0.8112122664111164,0.7138755980861244,0.6310572184231614
140,DexCom,Health Care,DXCM,0.16780217007317688,0.8125,1.0218120127640666,-0.12467588591184096,-0.6689655172413793,-0.7887481519958445,0.11528017773389286,0.8571428571428571,1.2570455835067147
141,Diamondback Energy,Energy,FANG,0.13230769230769232,-2.2607449856733526,-2.3316996355143496,-0.18568840579710144,-0.8227272727272728,0.42923337540689566,-0.5272525027808677,-2.3354114713216956,-7.823569121541012
142,Digital Realty Trust Inc,Real Estate,DLR,-0.02356329963073459,0.29503579023970994,4.046379555134879,0.04555642614319657,-0.5183984885917744,-0.3760667729532027,0.20606143049565367,0.5370711246567489,-0.7230422365849992
143,Discover Financial Services,Financials,DFS,0.015172413793103448,-0.07042253521126761,-0.06277840445941153,-0.019021739130434784,-1.0844155844155845,-1.0869964375606733,-0.07825484764542937,-4.910256410256411,-5.072254481191617
144,Discovery Inc. (Class A),Communication Services,DISCA,0.07318894697535475,0.13893376413570274,0.8452620693408806,-0.06645789839944329,0.1049645390070922,-0.18833141609887036,-0.052925829295564664,-0.17073170731707318,-0.2694236499745621
145,Discovery Inc. (Class C),Communication Services,DISCK,0.07318894697535475,0.13893376413570274,0.8167936781073527,-0.5121781489213639,0.1049645390070922,-0.0495797919991509,-0.0920114122681883,-0.07958921694480103,-0.9947144562334218
146,Dish Network,Communication Services,DISH,0.022883110300177093,0.1153977408456472,0.06747560251511049,-0.0072437451112588765,-0.7244909666661568,-0.8206803109177779,-0.009417263501553589,3.4257277308124765,5.175137198759246
147,Dollar General,Consumer Discretionary,DG,0.023779095238960248,0.4669313434415171,0.47939401629867745,0.18033969846494138,0.20240541009190222,0.22207238331228704,0.027909501495481596,0.2028683039834607,0.21776275257547056
148,Dollar Tree,Consumer Discretionary,DLTR,0.09903936514566149,-0.3041294642857143,-0.5207650526902188,-0.004512849745855304,0.46712109061748197,1.0206331370117794,-0.0014633835973786346,0.024596884394643345,0.05303124730337399
149,Dominion Energy,Utilities,D,0.048254860623096744,-0.05707762557077625,0.017844337341360577,0.0046927374301675975,-0.4907183212267958,-1.2638900267068633,-0.20262455516014236,-0.14421553090332806,-3.3234198435365703
150,Domino's Pizza,Consumer Discretionary,DPZ,-0.24101318552929885,-0.23592431515413015,-0.022165776423645197,0.05374057097567066,0.04972599047704609,-0.02690528882037172,0.05184218220631441,-0.008570572736775826,-0.16560379418680204
151,Dover Corporation,Industrials,DOV,-0.06738608991157301,0.03252742163180419,0.05590387537330373,-0.0946677383647586,-0.20606159937546636,-0.28838901753225277,0.16614537995897743,0.504250938465968,0.6153774637411675
152,Dow Inc.,Materials,DOW,-0.042532340258722066,-1.3684719535783365,-1.1033703682308615,-0.14493346980552713,-0.9225721784776902,-1.9448618441477803,0.16255685898970554,-0.2711864406779661,-0.9342840244463428
153,DTE Energy Co.,Utilities,DTE,0.009297851875601153,-0.07777777777777778,-0.19368402837861223,-0.040025412960609914,0.3156626506024096,0.2667696775901166,-0.14526803441429517,-0.32783882783882784,-0.1895156508529898
154,Duke Energy,Utilities,DUK,-0.12060518731988473,-0.4250907205806117,-0.4998207379079571,-0.02523349172538096,0.3417493237150586,0.3841241569555915,-0.08875441250630359,-0.20900537634408603,-1.8561743797373005
155,Duke Realty Corp,Real Estate,DRE,-0.044975945700682474,-0.5627651951272534,-0.6230932581173305,-0.017815381277795857,-0.6165086087837216,-0.7749774203260075,0.053638086487107335,0.5046937648555857,1.0428134556574924
156,DuPont de Nemours Inc,Materials,DD,-0.04091411721341688,-0.28598848368522073,-0.5223403613852431,0.0032667179093005382,-2.6774193548387095,-4.509404586576899,-0.07527293621911511,-2.8461538461538463,-3.0462824186760344
157,DXC Technology,Information Technology,DXC,0.03504432075860647,1.0938592111832253,1.0390995087075003,-0.041027683728340966,-19.71276595744681,-44.04049960967994,-0.06500519210799585,0.9596361569073337,0.9413612580638608
158,E*Trade,Financials,ETFC,-0.11284513805522209,-0.3368421052631579,-0.3410753096215546,0.014884979702300407,0.015873015873015872,0.06359864399680636,-0.017333333333333333,0.03125,0.0880014767413241
159,Eastman Chemical,Materials,EMN,-0.05161290322580645,-0.8310626702997275,-0.9018976030005232,0.0163265306122449,4.935483870967742,8.981042403759835,-0.14145470771976795,-0.8532608695652174,-0.8950431456370264
160,Eaton Corporation,Industrials,ETN,-0.014301844185171246,-0.2422279792746114,-0.24303476699015605,-0.08571974035891562,0.11965811965811966,-0.020132067836515437,-0.1948214658592608,-0.8702290076335878,-0.8807148287545873
161,eBay Inc.,Consumer Discretionary,EBAY,0.06493016232540581,0.16353383458646617,0.8442368442368445,-0.1584544487770294,0.01615508885298869,5.598740941365932,0.2068239258635215,0.3052464228934817,-0.7672138567248024
162,Ecolab Inc.,Materials,ECL,0.0014929673380654287,-0.0624574540503744,-0.07358488185797726,-0.21001150747986191,-0.31711744418224724,-0.33082548069066947,-0.11087201218301,-0.4914938862307283,-8.184426604804495
163,Edison Int'l,Utilities,EIX,-0.20609462710505214,-0.5487421383647799,-0.6677558398220245,-0.06060606060606061,0.05226480836236934,0.2244402594685081,0.07060931899641577,0.6556291390728477,0.5816699706063297
164,Edwards Lifesciences,Health Care,EW,0.07321755027422304,0.05606523955147808,0.0181140117208311,-0.03866791585043863,0.15218790218790218,0.11266580210679591,-0.18047311065827942,-1.4738899748673555,-1.4018403026275432
165,Electronic Arts,Communication Services,EA,0.18175074183976261,0.34701492537313433,-0.592092584761918,-0.1293157564344005,0.11080332409972299,0.21637054220092275,0.05191059841384282,0.1745635910224439,-0.12679618025721096
166,Emerson Electric Company,Industrials,EMR,-0.16455441561054113,-0.46420323325635104,-0.5427365519617554,0.0024078979051288226,0.5711206896551724,0.5939230682289115,-0.05981263511890464,-0.3100137174211248,-0.21408733676062155
167,Entergy Corp.,Utilities,ETR,-0.2159696870795953,-0.5219731924935904,0.05218830552163878,-0.014265895465470173,0.6084171561921622,-0.6817197202566377,-0.005929105352345253,0.09894785819349804,1.9451484314233862
168,EOG Resources,Energy,EOG,-0.02409282761203705,0.04322919371611396,0.037874206229210665,0.11926553520322321,-0.9333314809476342,-0.9846037584674776,-0.7681158896221246,-19.868611617608753,-93.92548787699585
169,Equifax Inc.,Industrials,EFX,0.057518215941708986,1.8853503184713376,11.098932946910814,0.025994362668336986,0.22737306843267108,-0.14900427904140753,0.08699633699633699,0.2260191846522782,1.3542055835615034
170,Equinix,Real Estate,EQIX,0.014551012664571416,-0.08914426129661197,0.028577902398957678,0.019339724161777108,-0.05062332831186399,-0.050700793038880934,0.017707342534865722,0.13591560983310597,0.0997324128528852
171,Equity Residential,Real Estate,EQR,-0.0017894022433207568,0.11018750525975736,0.08509806193690427,-0.002324836713119536,0.032172479899841545,0.0646216277548624,-0.04220398077760142,-0.1545098540898204,-0.15235599468365224
172,Essex Property Trust Inc.,Real Estate,ESS,0.022982459965334177,-0.1244807511157095,0.2926565229230452,0.0452945799421896,0.15667771976859038,1.444963367140376,-0.05573863245379963,-0.12541362326354474,-0.7287385499912792
173,Est√©e Lauder Companies,Consumer Staples,EL,0.18716302952503208,-0.6649550706033376,-0.05901921671147673,-0.2766003460207612,-0.5823754789272031,-1.0109681029658646,-0.273542600896861,-5.981651376146789,-75.90276110444177
174,Everest Re Group Ltd.,Financials,RE,0.06134288277888439,1.2471588375756735,1.0844387843973662,0.03547972518919756,-1.1589028170318212,-0.9223206857618255,-0.0243969328848929,-7.77932240073254,10.546928042075065
175,Evergy,Utilities,EVRG,-0.2827079107505071,-0.6922220159643586,-0.820597751225294,-0.013167196889360197,0.19119420989143546,0.08938647239482893,0.06089370466553237,0.3756962025316456,0.9213899360760531
176,Eversource Energy,Utilities,ES,-0.057040067778588104,-0.14467302125921475,-0.2184123089505699,0.15875621584278962,0.23774867126605673,0.31515611306588526,-0.17729619694686485,-0.19562435079388632,-0.25902829578795566
177,Exelon Corp.,Utilities,EXC,-0.0657408444394669,-0.28898743532889876,-0.0030784370623635807,0.048549508511148406,0.2681912681912682,-0.24533961046357117,-0.16291299874242599,-0.5368852459016393,-0.10481125589039259
178,Expedia Group,Consumer Discretionary,EXPE,-0.2279370432827431,-0.7372742200328407,-0.8093268561452873,-0.19585001820167455,-9.0875,-18.84502907032895,-0.7437754640108647,0.34389489953632146,0.4352804282057249
179,Expeditors,Industrials,EXPD,-0.014417393022644956,-0.1268942144759138,-0.1427101943587245,-0.06996632176674046,-0.11802705999778197,-0.09873065993053358,0.3568961818510682,0.556857690735909,0.5220718069452619
180,Extra Space Storage,Real Estate,EXR,-0.005048814091643087,0.012340289477243941,0.03938358339791397,-0.009973168632612767,-0.0452731634729266,-0.035825602288144985,-0.015659403462755527,-0.04579142571775738,0.010686848710732548
181,Exxon Mobil Corp.,Energy,XOM,-0.006275424931411813,-0.25856885147324116,0.7953813610703168,-0.12519040365575018,-1.41889699918897,-1.107207984691006,-0.41457177059527694,-0.5982575024201355,-0.7700545989080219
182,F5 Networks,Information Technology,FFIV,-0.035710414168309654,0.06643478564081107,0.03708279455632516,0.02484432773293753,-0.3158294846119263,-0.37977668183024615,-0.00033764733507127444,0.04687089297235298,0.13223132271130444
183,Facebook Inc.,Communication Services,FB,0.19431225923408113,0.23284620737647876,0.04319248826291088,-0.15866616070581538,-0.33472567170918943,-0.22691314357566417,0.053560354062130014,0.011878499915153572,0.05226391139766333
184,Fastenal Co,Industrials,FAST,0.070561516171979,0.13562159899539555,0.1324607666580911,0.10387710314557425,0.1647622558053815,0.1798381371574613,-0.06341948310139164,-0.0819620253164557,-0.061326658322903634
185,Federal Realty Investment Trust,Real Estate,FRT,0.02223580554570052,0.8743325746133719,1.2365373844061132,-0.03174589900020489,-0.5134405093604054,-0.62859362462243,-0.23894764572006028,-0.43674045391989924,-0.8082263413560115
186,FedEx Corporation,Industrials,FDX,0.009408912491341492,-0.2581227436823105,-0.43749883035463644,-0.007376908560645051,0.15571776155717762,-2.064377146944581,0.11308906556054844,2.3473684210526318,4.699208402034867
187,Fidelity National Information Services,Information Technology,FIS,0.18426647767540752,-0.12142857142857143,-1.872741501922488,-0.07899461400359066,-0.12195121951219512,1.093570899450271,-0.037686809616634176,-0.5740740740740741,0.26666666666666666
188,Fifth Third Bancorp,Financials,FITB,0.14177598385469223,0.36574746008708275,0.35786495763166376,-0.16040653999116217,-0.9362380446333688,-0.9369439644532214,-0.02631578947368421,3.066666666666667,3.2554024428437205
189,First Republic Bank,Financials,FRC,0.048102466339859914,0.0785534549490282,0.04575380200033171,0.044119239215784596,-0.1205349486634373,-0.1234847126642855,0.007913326697053842,0.17151908281792125,0.16992620797079785
190,FirstEnergy Corp,Utilities,FE,-0.09787377657779278,-1.0866372980910426,-1.2844191849182145,0.013468013468013467,2.847457627118644,1.6641972901842284,-0.06902916205241787,3.7247706422018347,3.175667742882301
191,Fiserv Inc,Information Technology,FISV,0.29315856777493604,0.13002364066193853,0.0717192728588224,-0.06823238566131026,0.3158995815899582,0.5953023909985937,-0.08065799946935527,-0.7376788553259142,-0.994816003385467
192,FleetCor Technologies Inc,Information Technology,FLT,0.0261846448414796,-0.025353875694611124,0.04493922581058991,-0.054069290766239175,-0.37348657713936584,-0.36036875906360066,-0.20563975113940097,0.058850748570774644,0.09806567701304555
193,FLIR Systems,Information Technology,FLIR,0.037763555495195736,-0.27336398343818896,-0.9728544489760119,-0.07795004130507685,-0.47283222022829446,8.233441033925686,0.06895190531421107,2.5027197753991928,3.0693727582888632
194,Flowserve Corporation,Industrials,FLS,0.07187540138719414,-0.02125775830595108,0.020207663115717287,-0.1626275193765792,-0.76171069933135,-1.0088179758308156,0.03410784420044787,0.6784596117720726,15.160599571734474
195,FMC Corporation,Materials,FMC,0.18041999408459036,-0.29893683552220135,-1.035913411846913,0.04401570199615802,1.599464763603925,65.06526145115524,-0.07576,-0.08064516129032258,-0.10635309302811144
196,Ford Motor Company,Consumer Discretionary,F,0.07366855907001893,-0.7480916030534351,-4.980954176881011,-0.13584288052373159,-2.4017467248908297,-0.19108521623798028,-0.4355769230769231,-0.7715019255455713,1.5563929210578644
197,Fortinet,Information Technology,FTNT,0.12219178082191781,0.23076923076923078,0.439498817138351,-0.06103515625,-0.057432432432432436,-0.0915302209507577,0.06690934304038829,0.0456989247311828,0.13524061573507967
198,Fortive Corp,Industrials,FTV,0.07655913978494623,0.04059301094246382,-0.07178729689807978,-0.14427686775868956,-0.5943012211668928,-0.7820920857203479,-0.08304639626495477,0.5978260869565217,2.1052418046088928
199,Fortune Brands Home & Security,Industrials,FBHS,0.007882111034955449,0.14583333333333334,-0.014903865398214757,-0.04610676640598436,-0.19480519480519481,0.049519165650819506,-0.01917730091965495,0.11612903225806452,0.06900601398962396
200,Fox Corporation (Class A),Communication Services,FOXA,0.416572928383952,-0.7711978465679677,-0.39492046818727483,-0.08946532556908417,3.7705882352941176,-0.7366028065389464,-0.29709302325581394,-0.8520345252774353,0.5770105923891722
201,Fox Corporation (Class B),Communication Services,FOX,0.06128133704735376,0.06707317073170732,0.0938337801608579,0.416572928383952,-0.4014285714285714,-0.3968587434973989,-0.08946532556908417,-0.6539379474940334,-0.6985403881240669
202,Franklin Resources,Financials,BEN,-0.02740103270223752,0.0030651340996168583,0.15224293739314504,-0.052665109365045655,-0.0932009167303285,-0.7727124991167951,-0.11223193603825748,-0.2875596742488065,2.679495150460084
203,Freeport-McMoRan Inc.,Materials,FCX,0.2404059625753251,14.135593220338983,1.0434904601571269,-0.2845819483508054,-1.6516129032258065,-55.54032258064516,0.091493924231594,1.617821782178218,1.1074966730740796
204,Gap Inc.,Consumer Discretionary,GPS,0.16908454227113556,-2.1085972850678734,-2.3248643712735673,-0.5492083868207103,-4.077551020408163,-4.078816136225421,0.5543426672994779,1.0120578778135048,0.9338303969856869
205,Garmin Ltd.,Consumer Discretionary,GRMN,0.17963618773029902,0.0576111068614702,0.5811690760527971,-0.22329600301932806,-0.3581655052201806,-0.5543294483047388,0.016071570409340877,0.061454119290970353,0.14322241514639764
206,Gartner Inc,Information Technology,IT,0.20288914964687726,0.9688345119817201,0.6406298036804428,-0.1533885116074626,-0.0838921984148554,0.11603378351246794,-0.044907649591565735,-0.2009894321589506,-0.26424802110817946
207,General Dynamics,Industrials,GD,0.1036779018543182,0.09210526315789473,0.11738917103695258,-0.1878771001578019,-0.2914156626506024,-0.30569764988337816,0.058863870156589324,-0.10626992561105207,-0.10544321056608726
208,General Electric,Industrials,GE,0.12320205479452055,14.104575163398692,1.077237391940849,-0.21781385776354906,5.678304239401497,7.497840690978887,-0.13511669833844955,-1.2068707991038088,-1.3207318106101247
209,General Mills,Consumer Staples,GIS,-0.054401918204849804,-0.19051580698835274,-0.2187865689736967,0.2015884027462144,0.25033034796652476,0.36873498690993484,-0.13119649611785786,0.041568811648661344,0.01632717449174781
210,General Motors,Consumer Discretionary,GM,-0.13100104304682433,-1.2404513888888888,-1.083208106135417,0.06108479854668137,2.1859205776173285,2.5050125313283207,-0.48705249319759086,-2.8477929984779298,-3.5925944066219326
211,Genuine Parts,Consumer Discretionary,GPC,-0.13039489064293847,6.837513935340023,14.48140868140868,-0.06580263631800995,-2.7241859582992545,-5.139206889984552,0.1430359745837744,-2.0232026536960968,-1.0715722637028933
212,Gilead Sciences,Health Care,GILD,0.04907209136331192,1.7420230821452818,3.3014605922848537,-0.05630209219254975,1.1976212259835315,-0.4228913556094264,-0.07299927901946647,-2.24188176519567,-3.1785369208849876
213,Global Payments Inc.,Information Technology,GPN,0.7973481406331803,0.12712813941862938,-0.367548988474399,-0.04234060332202916,0.24376280829110633,0.40960510381900356,-0.12168850776266837,-0.55908500321749,-0.7394866422210582
214,Globe Life Inc.,Financials,GL,0.00721210176015708,-0.0776160104908652,-0.07174143625761853,0.025619538550596798,-0.09637303606769256,-0.10193303928243684,0.02574395802872624,0.050619275999088185,0.0648502188703128
215,Goldman Sachs Group,Financials,GS,0.08659904717996005,-0.03932119205298013,0.04049303147353073,-0.1386747754755675,-0.4192158552348126,-0.3562014278185041,0.26313628899835795,-0.04228486646884273,-0.6878285772122957
216,Grainger (W.W.) Inc.,Industrials,GWW,0.05409202669476642,-0.12154696132596685,0.6831072168833615,-0.0546484505164945,0.2893081761006289,-0.33981110893423017,0.06379978850898836,0.8536585365853658,1.0867582704872083
217,H&R Block,Consumer Discretionary,HRB,2.2288667359033836,0.37132475621964334,0.2959720158885693,2.484850877784305,5.374669078136877,4.577237354085603,-0.6678203025171443,-0.7708840129899699,-0.8032723788964611
218,Halliburton Co.,Energy,HAL,-0.06468468468468469,-4.082089552238806,-6.590598645919943,-0.02966673088036987,0.5526634382566586,0.3847579792743362,-0.36549533452451854,-1.5859269282814614,-0.6498692059983943
219,Hanesbrands Inc,Consumer Discretionary,HBI,-0.062112506541358255,-0.11802147125550498,-0.044235898833745485,-0.24816776651123212,-0.8565478166939169,-1.044673959542871,0.32079695426073823,6.076941107530033,21.949840401276788
220,Hartford Financial Svc.Gp.,Financials,HIG,0.005662751677852349,0.029166666666666667,0.027387904244783677,-0.01397288842544317,-0.4493927125506073,-0.4974106697689879,-0.02284263959390863,0.5906862745098039,0.7228777016481045
221,Hasbro Inc.,Consumer Discretionary,HAS,-0.0934284678571814,-0.3594428182093469,0.19957946800313003,-0.22579511164861238,-1.1222975102426727,-1.2528408807975382,-0.22186835749884676,1.0934157969333849,0.5132840965041853
222,HCA Healthcare,Health Care,HCA,,,,,,,,,
223,Healthpeak Properties,Real Estate,PEAK,,,,,,,,,
224,Henry Schein,Health Care,HSIC,,,,,,,,,
225,Hess Corporation,Energy,HES,,,,,,,,,
226,Hewlett Packard Enterprise,Information Technology,HPE,,,,,,,,,
227,Hilton Worldwide Holdings Inc,Consumer Discretionary,HLT,,,,,,,,,
228,HollyFrontier Corp,Energy,HFC,,,,,,,,,
229,Hologic,Health Care,HOLX,,,,,,,,,
230,Home Depot,Consumer Discretionary,HD,,,,,,,,,
231,Honeywell Int'l Inc.,Industrials,HON,,,,,,,,,
232,Hormel Foods Corp.,Consumer Staples,HRL,,,,,,,,,
233,Host Hotels & Resorts,Real Estate,HST,,,,,,,,,
234,Howmet Aerospace,Industrials,HWM,,,,,,,,,
235,HP Inc.,Information Technology,HPQ,,,,,,,,,
236,Humana Inc.,Health Care,HUM,,,,,,,,,
237,Huntington Bancshares,Financials,HBAN,,,,,,,,,
238,Huntington Ingalls Industries,Industrials,HII,,,,,,,,,
239,IDEX Corporation,Industrials,IEX,,,,,,,,,
240,IDEXX Laboratories,Health Care,IDXX,,,,,,,,,
241,IHS Markit Ltd.,Industrials,INFO,,,,,,,,,
242,Illinois Tool Works,Industrials,ITW,,,,,,,,,
243,Illumina Inc,Health Care,ILMN,,,,,,,,,
244,Incyte,Health Care,INCY,,,,,,,,,
245,Ingersoll Rand,Industrials,IR,,,,,,,,,
246,Intel Corp.,Information Technology,INTC,,,,,,,,,
247,Intercontinental Exchange,Financials,ICE,,,,,,,,,
248,International Business Machines,Information Technology,IBM,,,,,,,,,
249,International Flavors & Fragrances,Materials,IFF,,,,,,,,,
250,International Paper,Materials,IP,,,,,,,,,
251,Interpublic Group,Communication Services,IPG,,,,,,,,,
252,Intuit Inc.,Information Technology,INTU,,,,,,,,,
253,Intuitive Surgical Inc.,Health Care,ISRG,,,,,,,,,
254,Invesco Ltd.,Financials,IVZ,,,,,,,,,
255,IPG Photonics Corp.,Information Technology,IPGP,,,,,,,,,
256,IQVIA Holdings Inc.,Health Care,IQV,,,,,,,,,
257,Iron Mountain Incorporated,Real Estate,IRM,,,,,,,,,
258,J. B. Hunt Transport Services,Industrials,JBHT,,,,,,,,,
259,Jack Henry & Associates,Information Technology,JKHY,,,,,,,,,
260,Jacobs Engineering Group,Industrials,J,,,,,,,,,
261,JM Smucker,Consumer Staples,SJM,,,,,,,,,
262,Johnson & Johnson,Health Care,JNJ,,,,,,,,,
263,Johnson Controls International,Industrials,JCI,,,,,,,,,
264,JPMorgan Chase & Co.,Financials,JPM,,,,,,,,,
265,Juniper Networks,Information Technology,JNPR,,,,,,,,,
266,Kansas City Southern,Industrials,KSU,,,,,,,,,
267,Kellogg Co.,Consumer Staples,K,,,,,,,,,
268,KeyCorp,Financials,KEY,,,,,,,,,
269,Keysight Technologies,Information Technology,KEYS,,,,,,,,,
270,Kimberly-Clark,Consumer Staples,KMB,,,,,,,,,
271,Kimco Realty,Real Estate,KIM,,,,,,,,,
272,Kinder Morgan,Energy,KMI,,,,,,,,,
273,KLA Corporation,Information Technology,KLAC,,,,,,,,,
274,Kohl's Corp.,Consumer Discretionary,KSS,,,,,,,,,
275,Kraft Heinz Co,Consumer Staples,KHC,,,,,,,,,
276,Kroger Co.,Consumer Staples,KR,,,,,,,,,
277,L Brands Inc.,Consumer Discretionary,LB,,,,,,,,,
278,L3Harris Technologies,Industrials,LHX,,,,,,,,,
279,Laboratory Corp. of America Holding,Health Care,LH,,,,,,,,,
280,Lam Research,Information Technology,LRCX,,,,,,,,,
281,Lamb Weston Holdings Inc,Consumer Staples,LW,,,,,,,,,
282,Las Vegas Sands,Consumer Discretionary,LVS,,,,,,,,,
283,Leggett & Platt,Consumer Discretionary,LEG,,,,,,,,,
284,Leidos Holdings,Information Technology,LDOS,,,,,,,,,
285,Lennar Corp.,Consumer Discretionary,LEN,,,,,,,,,
286,Lilly (Eli) & Co.,Health Care,LLY,,,,,,,,,
287,Lincoln National,Financials,LNC,,,,,,,,,
288,Linde plc,Materials,LIN,,,,,,,,,
289,Live Nation Entertainment,Communication Services,LYV,,,,,,,,,
290,LKQ Corporation,Consumer Discretionary,LKQ,,,,,,,,,
291,Lockheed Martin Corp.,Industrials,LMT,,,,,,,,,
292,Loews Corp.,Financials,L,,,,,,,,,
293,Lowe's Cos.,Consumer Discretionary,LOW,,,,,,,,,
294,LyondellBasell,Materials,LYB,,,,,,,,,
295,M&T Bank Corp.,Financials,MTB,,,,,,,,,
296,Marathon Oil Corp.,Energy,MRO,,,,,,,,,
297,Marathon Petroleum,Energy,MPC,,,,,,,,,
298,MarketAxess,Financials,MKTX,,,,,,,,,
299,Marriott Int'l.,Consumer Discretionary,MAR,,,,,,,,,
300,Marsh & McLennan,Financials,MMC,,,,,,,,,
301,Martin Marietta Materials,Materials,MLM,,,,,,,,,
302,Masco Corp.,Industrials,MAS,,,,,,,,,
303,Mastercard Inc.,Information Technology,MA,,,,,,,,,
304,Maxim Integrated Products Inc,Information Technology,MXIM,,,,,,,,,
305,McCormick & Co.,Consumer Staples,MKC,,,,,,,,,
306,McDonald's Corp.,Consumer Discretionary,MCD,,,,,,,,,
307,McKesson Corp.,Health Care,MCK,,,,,,,,,
308,Medtronic plc,Health Care,MDT,,,,,,,,,
309,Merck & Co.,Health Care,MRK,,,,,,,,,
310,MetLife Inc.,Financials,MET,,,,,,,,,
311,Mettler Toledo,Health Care,MTD,,,,,,,,,
312,MGM Resorts International,Consumer Discretionary,MGM,,,,,,,,,
313,Microchip Technology,Information Technology,MCHP,,,,,,,,,
314,Micron Technology,Information Technology,MU,,,,,,,,,
315,Microsoft Corp.,Information Technology,MSFT,,,,,,,,,
316,Mid-America Apartments,Real Estate,MAA,,,,,,,,,
317,Mohawk Industries,Consumer Discretionary,MHK,,,,,,,,,
318,Molson Coors Beverage Company,Consumer Staples,TAP,,,,,,,,,
319,Mondelez International,Consumer Staples,MDLZ,,,,,,,,,
320,Monster Beverage,Consumer Staples,MNST,,,,,,,,,
321,Moody's Corp,Financials,MCO,,,,,,,,,
322,Morgan Stanley,Financials,MS,,,,,,,,,
323,Motorola Solutions Inc.,Information Technology,MSI,,,,,,,,,
324,MSCI Inc,Financials,MSCI,,,,,,,,,
325,Mylan N.V.,Health Care,MYL,,,,,,,,,
326,Nasdaq Inc.,Financials,NDAQ,,,,,,,,,
327,National Oilwell Varco Inc.,Energy,NOV,,,,,,,,,
328,NetApp,Information Technology,NTAP,,,,,,,,,
329,Netflix Inc.,Communication Services,NFLX,,,,,,,,,
330,Newell Brands,Consumer Discretionary,NWL,,,,,,,,,
331,Newmont Corporation,Materials,NEM,,,,,,,,,
332,News Corp. Class A,Communication Services,NWSA,,,,,,,,,
333,News Corp. Class B,Communication Services,NWS,,,,,,,,,
334,NextEra Energy,Utilities,NEE,,,,,,,,,
335,Nielsen Holdings,Industrials,NLSN,,,,,,,,,
336,Nike Inc.,Consumer Discretionary,NKE,,,,,,,,,
337,NiSource Inc.,Utilities,NI,,,,,,,,,
338,Noble Energy,Energy,NBL,,,,,,,,,
339,Norfolk Southern Corp.,Industrials,NSC,,,,,,,,,
340,Northern Trust Corp.,Financials,NTRS,,,,,,,,,
341,Northrop Grumman,Industrials,NOC,,,,,,,,,
342,NortonLifeLock,Information Technology,NLOK,,,,,,,,,
343,Norwegian Cruise Line Holdings,Consumer Discretionary,NCLH,,,,,,,,,
344,NRG Energy,Utilities,NRG,,,,,,,,,
345,Nucor Corp.,Materials,NUE,,,,,,,,,
346,Nvidia Corporation,Information Technology,NVDA,,,,,,,,,
347,NVR Inc.,Consumer Discretionary,NVR,,,,,,,,,
348,O'Reilly Automotive,Consumer Discretionary,ORLY,,,,,,,,,
349,Occidental Petroleum,Energy,OXY,,,,,,,,,
350,Old Dominion Freight Line,Industrials,ODFL,,,,,,,,,
351,Omnicom Group,Communication Services,OMC,,,,,,,,,
352,ONEOK,Energy,OKE,,,,,,,,,
353,Oracle Corp.,Information Technology,ORCL,,,,,,,,,
354,Otis Worldwide,Industrials,OTIS,,,,,,,,,
355,PACCAR Inc.,Industrials,PCAR,,,,,,,,,
356,Packaging Corporation of America,Materials,PKG,,,,,,,,,
357,Parker-Hannifin,Industrials,PH,,,,,,,,,
358,Paychex Inc.,Information Technology,PAYX,,,,,,,,,
359,Paycom,Information Technology,PAYC,,,,,,,,,
360,PayPal,Information Technology,PYPL,,,,,,,,,
361,Pentair plc,Industrials,PNR,,,,,,,,,
362,People's United Financial,Financials,PBCT,,,,,,,,,
363,PepsiCo Inc.,Consumer Staples,PEP,,,,,,,,,
364,PerkinElmer,Health Care,PKI,,,,,,,,,
365,Perrigo,Health Care,PRGO,,,,,,,,,
366,Pfizer Inc.,Health Care,PFE,,,,,,,,,
367,Philip Morris International,Consumer Staples,PM,,,,,,,,,
368,Phillips 66,Energy,PSX,,,,,,,,,
369,Pinnacle West Capital,Utilities,PNW,,,,,,,,,
370,Pioneer Natural Resources,Energy,PXD,,,,,,,,,
371,PNC Financial Services,Financials,PNC,,,,,,,,,
372,PPG Industries,Materials,PPG,,,,,,,,,
373,PPL Corp.,Utilities,PPL,,,,,,,,,
374,Principal Financial Group,Financials,PFG,,,,,,,,,
375,Procter & Gamble,Consumer Staples,PG,,,,,,,,,
376,Progressive Corp.,Financials,PGR,,,,,,,,,
377,Prologis,Real Estate,PLD,,,,,,,,,
378,Prudential Financial,Financials,PRU,,,,,,,,,
379,Public Service Enterprise Group (PSEG),Utilities,PEG,,,,,,,,,
380,Public Storage,Real Estate,PSA,,,,,,,,,
381,PulteGroup,Consumer Discretionary,PHM,,,,,,,,,
382,PVH Corp.,Consumer Discretionary,PVH,,,,,,,,,
383,Qorvo,Information Technology,QRVO,,,,,,,,,
384,QUALCOMM Inc.,Information Technology,QCOM,,,,,,,,,
385,Quanta Services Inc.,Industrials,PWR,,,,,,,,,
386,Quest Diagnostics,Health Care,DGX,,,,,,,,,
387,Ralph Lauren Corporation,Consumer Discretionary,RL,,,,,,,,,
388,Raymond James Financial Inc.,Financials,RJF,,,,,,,,,
389,Raytheon Technologies,Industrials,RTX,,,,,,,,,
390,Realty Income Corporation,Real Estate,O,,,,,,,,,
391,Regency Centers Corporation,Real Estate,REG,,,,,,,,,
392,Regeneron Pharmaceuticals,Health Care,REGN,,,,,,,,,
393,Regions Financial Corp.,Financials,RF,,,,,,,,,
394,Republic Services Inc,Industrials,RSG,,,,,,,,,
395,ResMed,Health Care,RMD,,,,,,,,,
396,Robert Half International,Industrials,RHI,,,,,,,,,
397,Rockwell Automation Inc.,Industrials,ROK,,,,,,,,,
398,Rollins Inc.,Industrials,ROL,,,,,,,,,
399,Roper Technologies,Industrials,ROP,,,,,,,,,
400,Ross Stores,Consumer Discretionary,ROST,,,,,,,,,
401,Royal Caribbean Group,Consumer Discretionary,RCL,,,,,,,,,
402,S&P Global Inc.,Financials,SPGI,,,,,,,,,
403,Salesforce.com,Information Technology,CRM,,,,,,,,,
404,SBA Communications,Real Estate,SBAC,,,,,,,,,
405,Schlumberger Ltd.,Energy,SLB,,,,,,,,,
406,Seagate Technology,Information Technology,STX,,,,,,,,,
407,Sealed Air,Materials,SEE,,,,,,,,,
408,Sempra Energy,Utilities,SRE,,,,,,,,,
409,ServiceNow,Information Technology,NOW,,,,,,,,,
410,Sherwin-Williams,Materials,SHW,,,,,,,,,
411,Simon Property Group Inc,Real Estate,SPG,,,,,,,,,
412,Skyworks Solutions,Information Technology,SWKS,,,,,,,,,
413,SL Green Realty,Real Estate,SLG,,,,,,,,,
414,Snap-on,Industrials,SNA,,,,,,,,,
415,Southern Company,Utilities,SO,,,,,,,,,
416,Southwest Airlines,Industrials,LUV,,,,,,,,,
417,Stanley Black & Decker,Industrials,SWK,,,,,,,,,
418,Starbucks Corp.,Consumer Discretionary,SBUX,,,,,,,,,
419,State Street Corp.,Financials,STT,,,,,,,,,
420,STERIS plc,Health Care,STE,,,,,,,,,
421,Stryker Corp.,Health Care,SYK,,,,,,,,,
422,SVB Financial,Financials,SIVB,,,,,,,,,
423,Synchrony Financial,Financials,SYF,,,,,,,,,
424,Synopsys Inc.,Information Technology,SNPS,,,,,,,,,
425,Sysco Corp.,Consumer Staples,SYY,,,,,,,,,
426,T-Mobile US,Communication Services,TMUS,,,,,,,,,
427,T. Rowe Price Group,Financials,TROW,,,,,,,,,
428,Take-Two Interactive,Communication Services,TTWO,,,,,,,,,
429,Tapestry Inc.,Consumer Discretionary,TPR,,,,,,,,,
430,Target Corp.,Consumer Discretionary,TGT,,,,,,,,,
431,TE Connectivity Ltd.,Information Technology,TEL,,,,,,,,,
432,TechnipFMC,Energy,FTI,,,,,,,,,
433,Teledyne Technologies,Industrials,TDY,,,,,,,,,
434,Teleflex,Health Care,TFX,,,,,,,,,
435,Texas Instruments,Information Technology,TXN,,,,,,,,,
436,Textron Inc.,Industrials,TXT,,,,,,,,,
437,The Bank of New York Mellon,Financials,BK,,,,,,,,,
438,The Clorox Company,Consumer Staples,CLX,,,,,,,,,
439,The Cooper Companies,Health Care,COO,,,,,,,,,
440,The Hershey Company,Consumer Staples,HSY,,,,,,,,,
441,The Mosaic Company,Materials,MOS,,,,,,,,,
442,The Travelers Companies Inc.,Financials,TRV,,,,,,,,,
443,The Walt Disney Company,Communication Services,DIS,,,,,,,,,
444,Thermo Fisher Scientific,Health Care,TMO,,,,,,,,,
445,Tiffany & Co.,Consumer Discretionary,TIF,,,,,,,,,
446,TJX Companies Inc.,Consumer Discretionary,TJX,,,,,,,,,
447,Tractor Supply Company,Consumer Discretionary,TSCO,,,,,,,,,
448,Trane Technologies plc,Industrials,TT,,,,,,,,,
449,TransDigm Group,Industrials,TDG,,,,,,,,,
450,Truist Financial,Financials,TFC,,,,,,,,,
451,Twitter Inc.,Communication Services,TWTR,,,,,,,,,
452,Tyler Technologies,Information Technology,TYL,,,,,,,,,
453,Tyson Foods,Consumer Staples,TSN,,,,,,,,,
454,U.S. Bancorp,Financials,USB,,,,,,,,,
455,UDR Inc.,Real Estate,UDR,,,,,,,,,
456,Ulta Beauty,Consumer Discretionary,ULTA,,,,,,,,,
457,Under Armour (Class A),Consumer Discretionary,UAA,,,,,,,,,
458,Under Armour (Class C),Consumer Discretionary,UA,,,,,,,,,
459,Union Pacific Corp,Industrials,UNP,,,,,,,,,
460,United Airlines Holdings,Industrials,UAL,,,,,,,,,
461,United Health Group Inc.,Health Care,UNH,,,,,,,,,
462,United Parcel Service,Industrials,UPS,,,,,,,,,
463,United Rentals Inc.,Industrials,URI,,,,,,,,,
464,Universal Health Services,Health Care,UHS,,,,,,,,,
465,Unum Group,Financials,UNM,,,,,,,,,
466,Valero Energy,Energy,VLO,,,,,,,,,
467,Varian Medical Systems,Health Care,VAR,,,,,,,,,
468,Ventas Inc,Real Estate,VTR,,,,,,,,,
469,Verisign Inc.,Information Technology,VRSN,,,,,,,,,
470,Verisk Analytics,Industrials,VRSK,,,,,,,,,
471,Verizon Communications,Communication Services,VZ,,,,,,,,,
472,Vertex Pharmaceuticals Inc,Health Care,VRTX,,,,,,,,,
473,VF Corporation,Consumer Discretionary,VFC,,,,,,,,,
474,ViacomCBS,Communication Services,VIAC,,,,,,,,,
475,Visa Inc.,Information Technology,V,,,,,,,,,
476,Vornado Realty Trust,Real Estate,VNO,,,,,,,,,
477,Vulcan Materials,Materials,VMC,,,,,,,,,
478,W. R. Berkley Corporation,Financials,WRB,,,,,,,,,
479,Wabtec Corporation,Industrials,WAB,,,,,,,,,
480,Walgreens Boots Alliance,Consumer Staples,WBA,,,,,,,,,
481,Walmart,Consumer Staples,WMT,,,,,,,,,
482,Waste Management Inc.,Industrials,WM,,,,,,,,,
483,Waters Corporation,Health Care,WAT,,,,,,,,,
484,WEC Energy Group,Utilities,WEC,,,,,,,,,
485,Wells Fargo,Financials,WFC,,,,,,,,,
486,Welltower Inc.,Real Estate,WELL,,,,,,,,,
487,West Pharmaceutical Services,Health Care,WST,,,,,,,,,
488,Western Digital,Information Technology,WDC,,,,,,,,,
489,Western Union Co,Information Technology,WU,,,,,,,,,
490,WestRock,Materials,WRK,,,,,,,,,
491,Weyerhaeuser,Real Estate,WY,,,,,,,,,
492,Whirlpool Corp.,Consumer Discretionary,WHR,,,,,,,,,
493,Williams Companies,Energy,WMB,,,,,,,,,
494,Willis Towers Watson,Financials,WLTW,,,,,,,,,
495,Wynn Resorts Ltd,Consumer Discretionary,WYNN,,,,,,,,,
496,Xcel Energy Inc,Utilities,XEL,,,,,,,,,
497,Xerox,Information Technology,XRX,,,,,,,,,
498,Xilinx,Information Technology,XLNX,,,,,,,,,
499,Xylem Inc.,Industrials,XYL,,,,,,,,,
500,Yum! Brands Inc,Consumer Discretionary,YUM,,,,,,,,,
501,Zebra Technologies,Information Technology,ZBRA,,,,,,,,,
502,Zimmer Biomet Holdings,Health Care,ZBH,,,,,,,,,
503,Zions Bancorp,Financials,ZION,,,,,,,,,
504,Zoetis,Health Care,ZTS,,,,,,,,,
