,Symbol,Q1 P/E,Q2 P/E,Q3 P/E,Q1 ROE,Q2 ROE,Q3 ROE,Q1 Date,Q2 Date,Q3 Date
0,MMM,103.16502050567594,60.28791265479876,69.59829953488372,0.09629335188313624,0.12732827436680794,0.11881735285990605,2019-12-31,2020-03-31,2020-06-30
1,AOS,84.33944352656079,117.93976013450676,112.20085622348083,0.05477561795056395,0.03198663614428015,0.0408901755020807,2019-12-31,2020-03-31,2020-06-30
2,ABT,145.7149522096282,247.1189699744681,302.74677291620117,0.03374292331446217,0.018664372228473097,0.01756164562757538,2019-12-31,2020-03-31,2020-06-30
3,ABBV,45.14518197072474,39.60815913621263,-216.46690609756098,-0.34275575134605973,-0.4059339177343223,-0.0501767745444656,2019-12-31,2020-03-31,2020-06-30
4,ABMD,112.61843261048587,207.5233800867979,246.76631470350767,0.06611848923880202,0.029844218398334624,0.040466561631005364,2019-12-31,2020-03-31,2020-06-30
5,ACN,92.47945600550561,106.51703663030673,120.69205612516592,0.07979145681995173,0.07669261422978499,0.07575205409371258,2020-02-29,2020-05-31,2020-08-31
6,ATVI,87.02973942857143,90.5678091089109,101.54896551724138,0.04099960952752831,0.03878350357115429,0.04239146323636895,2019-12-31,2020-03-31,2020-06-30
7,ADBE,176.35451308900522,170.45545454545456,262.27581253403145,0.09125656951743909,0.10109364948074626,0.08153333902501494,2020-02-28,2020-05-29,2020-08-28
8,AAP,114.409822073467,188.57022872350188,49.044947883765,0.027023051883008586,0.012323336902241966,0.05097518622607318,2019-12-28,2020-04-18,2020-07-11
9,AMD,314.8389411764706,351.93777777777774,391.54585987261146,0.060134418111071807,0.05334211392821864,0.04750378214826021,2019-12-28,2020-03-28,2020-06-27
10,AES,-165.73410769230767,61.879530555555554,-115.01775903614458,-0.0260347129506008,0.05671524222134699,-0.033712428919577576,2019-12-31,2020-03-31,2020-06-30
11,AFL,48.91093081382842,43.32963784876325,31.974241583602485,0.0269691632998377,0.02143776986591925,0.02736233854520734,2019-12-31,2020-03-31,2020-06-30
12,A,130.56691725888325,236.31497821782176,151.02994974874372,0.040635313531353134,0.02118288590604027,0.0399518169042361,2020-01-31,2020-04-30,2020-07-31
13,APD,108.46233275862069,92.34848200083717,120.27033370660696,0.041156109380408444,0.042015846076733,0.03829560951343563,2019-12-31,2020-03-31,2020-06-30
14,AKAM,118.89253266162888,121.60727234339727,108.97696396257297,0.03255914912090297,0.03353450149201382,0.04147099540377969,2019-12-31,2020-03-31,2020-06-30
15,ALK,46.52597847513812,-15.071674396551725,-20.891182056074765,0.041791734010621105,-0.057783312577833125,-0.05542605542605543,2019-12-31,2020-03-31,2020-06-30
16,ALB,85.04066137557942,55.74900315659863,96.06614208633093,0.022987093902981752,0.02764411795346266,0.021275834444866307,2019-12-31,2020-03-31,2020-06-30
17,ARE,90.50085324613099,898.187984092726,87.92221341670513,0.022833856653627086,0.0020128535151083616,0.024349834171664135,2019-12-31,2020-03-31,2020-06-30
18,ALXN,27.128740157480316,35.84514705882353,-23.181484879692913,0.07886939086924892,0.04746420606411413,-0.10181301711976208,2019-12-31,2020-03-31,2020-06-30
19,ALGN,182.2704504296482,9.055160984131145,-532.4211703856953,0.09007932882126984,0.5321194718942134,-0.014271127521708796,2019-12-31,2020-03-31,2020-06-30
20,ALLE,21396.605625,128.57251017639078,62.214325184479236,0.0006543432030099788,0.10878228782287823,0.17821181608637632,2020-03-31,2020-06-30,2020-09-30
21,LNT,113.45905877192983,67.44285225955967,86.67895777940102,0.021091191652328357,0.030267957351290686,0.02381573682654002,2019-12-31,2020-03-31,2020-06-30
22,ALL,20.3981912464749,53.25971657559198,24.453861840000002,0.06819755365797368,0.022711289455177263,0.046320314237011787,2019-12-31,2020-03-31,2020-06-30
23,GOOGL,87.25841554399776,125.55909997805735,149.4421742994683,0.052973064207067044,0.03356591164642859,0.03356614348694301,2019-12-31,2020-03-31,2020-06-30
24,GOOG,87.10401507450098,125.65204148319191,148.97426184652966,0.052973064207067044,0.03356591164642859,0.03356614348694301,2019-12-31,2020-03-31,2020-06-30
25,MO,-48.95447014925373,45.304672293814434,37.5531394750386,-0.2907425265188042,0.23720006113403638,0.34159634317862164,2019-12-31,2020-03-31,2020-06-30
26,AMZN,285.54443084455323,389.17487968441816,267.8312856952126,0.052658717370286816,0.03883748008334355,0.07111273871527778,2019-12-31,2020-03-31,2020-06-30
27,AMCR,91.22397058189655,69.80217162534434,88.74332998324958,0.034758507032230275,0.038294370832981685,0.038716790246222356,2019-12-31,2020-03-31,2020-06-30
28,AEE,199.61705872340426,122.96770623287671,71.77878189300411,0.011663978161062167,0.01805813234384663,0.029536890725659414,2019-12-31,2020-03-31,2020-06-30
29,AAL,-2.315681155734047,-2.711421136913401,-2328.5067403084618,0.8501517450682853,0.6522562322499211,0.433972503617945,2020-03-31,2020-06-30,2020-09-30
30,AEP,304.1800350747764,79.88259116799397,76.04641225556836,0.0078017392541842225,0.025033364338577262,0.025940776529773616,2019-12-31,2020-03-31,2020-06-30
31,AXP,59.123556408741884,186.59405994550409,296.8476653696498,0.07338216808980971,0.017471198705131866,0.012202070078814927,2019-12-31,2020-03-31,2020-06-30
32,AIG,48.41537356930033,12.062174921638078,-3.4096962545156404,0.014145413018652455,0.02906619247835408,-0.12739017257447696,2019-12-31,2020-03-31,2020-06-30
33,AMT,180.65295725039988,231.98357830361445,258.4049634162744,0.11130672152549749,0.11418666079683029,0.12322183244482501,2019-12-31,2020-03-31,2020-06-30
34,AWK,224.1731173469388,173.06504758064517,131.82703068181817,0.01601045580787453,0.019862245715201024,0.027769012306721363,2019-12-31,2020-03-31,2020-06-30
35,AMP,46.34420701943844,6.355382770137524,-34.56372912801484,0.0808168964915343,0.30419841625578964,-0.08292307692307692,2019-12-31,2020-03-31,2020-06-30
36,ABC,92.76531899701557,18.910002479701166,71.26885026551363,0.06350719177317196,0.26744267655176446,0.0750376174540839,2019-12-31,2020-03-31,2020-06-30
37,AME,103.46736393329014,59.13869507654588,123.86909864815273,0.04315850752967652,0.052687916247887955,0.030295966054490708,2019-12-31,2020-03-31,2020-06-30
38,AMGN,82.79454010569583,65.1047109041096,76.9273628397116,0.17605706606016747,0.19240906694781235,0.16915282859555306,2019-12-31,2020-03-31,2020-06-30
39,APH,104.06096906181361,92.02368153655513,113.02382615444316,0.07034854203915855,0.05520087555292079,0.054383151141687416,2019-12-31,2020-03-31,2020-06-30
40,ADI,197.21881124223785,142.24009685239974,117.20107530999682,0.017440754823317337,0.02309544297756042,0.030792880698548766,2020-02-01,2020-05-02,2020-08-01
41,ANSS,135.01251658104817,440.9228775182355,262.6367571765876,0.04802600583370664,0.013991222075417255,0.028086867897132325,2019-12-31,2020-03-31,2020-06-30
42,ANTM,82.825965620985,38.101814418910045,29.51014586994728,0.02943772062531518,0.04805477550247689,0.0660571760267015,2019-12-31,2020-03-31,2020-06-30
43,AON,130.94244,49.89661839378238,112.80385527638191,0.11081481481481481,0.24360997159987377,0.11052485420716468,2019-12-31,2020-03-31,2020-06-30
44,APA,-3.2015610215053765,-0.35100000000000003,-13.195921243523316,-0.9142857142857143,3.595505617977528,0.236085626911315,2019-12-31,2020-03-31,2020-06-30
45,AIV,55.78923018155671,760.296017316275,140.88182979747802,0.0749794035770104,0.003913930787123971,0.023118211178719584,2019-12-31,2020-03-31,2020-06-30
46,AAPL,58.05649333264759,97.00579304460521,136.85094622404264,0.24836090292747764,0.1434364042078419,0.15568191250933844,2019-12-28,2020-03-28,2020-06-27
47,AMAT,60.72982769058296,61.93183298013245,68.849938882283,0.10300230946882218,0.08366578014184398,0.08788797157487721,2020-01-26,2020-04-26,2020-07-26
48,APTV,106.096592,8.013402798982188,-54.9336,0.06022518984027232,0.31623415811707906,-0.052722558340535866,2019-12-31,2020-03-31,2020-06-30
49,ADM,50.62187003968254,49.82788542199488,47.42417228144989,0.026239067055393587,0.02063106796116505,0.024309334991965997,2019-12-31,2020-03-31,2020-06-30
50,ANET,62.57765332269498,116.96545174130073,115.0259953174532,0.09005881812396924,0.048592297318263734,0.04768444282414886,2019-12-31,2020-03-31,2020-06-30
51,AJG,182.83736365482233,45.07557401097314,122.59909128171763,0.019105809329841916,0.06885376279948305,0.028003498159822178,2019-12-31,2020-03-31,2020-06-30
52,AIZ,62.562957625109725,42.3278254648093,36.55136419832678,0.022572884234361733,0.028808193668528864,0.029843493414658667,2019-12-31,2020-03-31,2020-06-30
53,T,114.24017059314954,44.06173492407809,166.31433489461358,0.01299526112658166,0.0259310717238819,0.007282712511938873,2019-12-31,2020-03-31,2020-06-30
54,ATO,74.74195111628505,28.7822037804881,103.42266848910357,0.02915789173068528,0.06635334126957061,0.0182297498510788,2019-12-31,2020-03-31,2020-06-30
55,ADSK,334.10732169954474,622.7348721804511,534.9770468431772,-0.9475197699496765,-0.47807332854061824,1.4591381872213967,2020-01-31,2020-04-30,2020-07-31
56,ADP,112.02460796500921,71.47549789255696,155.6544387755102,0.12146745209156662,0.1495073487897718,0.0715552310420361,2019-12-31,2020-03-31,2020-06-30
57,AZO,81.36904335241965,85.02199798183653,73.51395525173814,-0.19725239148917004,-0.17490425855828848,-0.2100131313329283,2019-11-23,2020-02-15,2020-05-09
58,AVB,171.5221936486072,122.04883400381019,127.40153290092958,0.015255403110719103,0.015393338372467267,0.015715272686126002,2019-12-31,2020-03-31,2020-06-30
59,AVY,67.57574492307693,62.22485052160955,114.89947327478042,0.13496677740863788,0.11436850178967105,0.06565614960046132,2019-12-28,2020-03-28,2020-06-27
60,BKR,-0.6565815866797258,-49.61315422885572,-48.607624309392264,-0.571604523569589,-0.011525890246000344,-0.015627698152305303,2020-03-31,2020-06-30,2020-09-30
61,BLL,134.73329044125,930.5416979130434,244.7651520393617,0.05425567989148864,0.008745247148288974,0.03403330919623461,2019-12-31,2020-03-31,2020-06-30
62,BAC,44.780724270803546,46.27412373316709,58.53432668270592,0.026411389297987236,0.015136759299103873,0.013300105030549209,2019-12-31,2020-03-31,2020-06-30
63,BAX,-1824.8229999999999,125.48778072289156,180.4361524390244,-0.0029180411063181935,0.043122483439407715,0.03026574803149606,2019-12-31,2020-03-31,2020-06-30
64,BDX,268.18897488519855,344.202042295082,238.55720965034968,0.013064805207055939,0.008734666603026109,0.01190575305969528,2019-12-31,2020-03-31,2020-06-30
65,BRK.B,0.020594319901960784,0.012692094001851917,-0.005934611994119648,0.041558415428222195,0.06864316805205384,-0.13324183511666024,2019-09-30,2019-12-31,2020-03-31
66,BBY,29.659992926174496,117.54537886792454,60.42254398148148,0.21414199482609944,0.046627565982404695,0.11434621492853361,2020-02-01,2020-05-02,2020-08-01
67,BIO,20.249543204344825,15.432751956519203,14.0423004897411,0.09617385197053652,0.10899465905322339,0.1314261072630056,2019-12-31,2020-03-31,2020-06-30
68,BIIB,39.14329068687013,27.91569612865573,66.07742103521026,0.11150961592106416,0.13636403830679034,0.06520425709903797,2020-03-31,2020-06-30,2020-09-30
69,BLK,59.70872557085318,84.31067456347147,68.92479558850741,0.03878141115449966,0.02441462454184715,0.03709135349831959,2019-12-31,2020-03-31,2020-06-30
70,BA,-181.85965124752477,-134.39223885350316,-43.69575757575758,0.11721016595102704,0.06497672012415934,0.20365132424787863,2019-12-31,2020-03-31,2020-06-30
71,BKNG,74.002679205807,-79.08902811258942,535.0653959016392,0.19737063879993258,-0.18245888801879404,0.030507626906726683,2019-12-31,2020-03-31,2020-06-30
72,BWA,40.170336,38.58897131782946,-73.89766530612245,0.04674883127921802,0.027307366638441997,-0.021253524181305574,2019-12-31,2020-03-31,2020-06-30
73,BXP,145.73047708753023,28.318788810230007,52.185341482444734,0.025236042019551826,0.08272868479559567,0.04353721821520213,2019-12-31,2020-03-31,2020-06-30
74,BSX,15.777208208208208,4612.2505,-334.70742567567567,0.28795849246955396,0.0007244277021153289,-0.009477459016393443,2019-12-31,2020-03-31,2020-06-30
75,BMY,-113.95045056818182,-159.84862735483873,-1553.6107341176469,-0.020465909531377186,-0.015527639197772034,-0.0017313724691408318,2019-12-31,2020-03-31,2020-06-30
76,AVGO,324.0740727272728,192.26862682060388,197.03351744186048,0.01579940906106369,0.023515161640631527,0.029205756250795942,2020-02-02,2020-05-03,2020-08-02
77,BR,1419.3059247524752,66.18281306171359,64.11133217239878,0.008974586813577394,0.1387941787941788,0.17059041960638693,2019-12-31,2020-03-31,2020-06-30
78,BF.B,139.697578204329,232.2813672125,102.59383358333332,0.11521197007481297,0.06481012658227848,0.15069767441860465,2020-01-31,2020-04-30,2020-07-31
79,CHRW,105.34651041712914,113.89704814705806,74.10411601442277,0.0593189803259653,0.04923767482947078,0.08445498753761013,2019-12-31,2020-03-31,2020-06-30
80,COG,47.35844541241323,126.19936322203672,225.8188522782643,0.06829694996995102,0.024861706469531612,0.01402321998505064,2019-12-31,2020-03-31,2020-06-30
81,CDNS,140.27667354905313,199.47647309731278,175.59373280723256,0.05745521071884352,0.05817876294352067,0.0674662042861472,2020-03-28,2020-06-27,2020-09-26
82,CPB,12.095777483443708,92.06875238095238,175.71906976744188,0.4843624699278268,0.06524271844660194,0.03355442840421381,2020-01-26,2020-04-26,2020-08-02
83,COF,40.05728832482993,-17.07790519402985,-31.089180882352945,0.020272017376014893,-0.02357909554812599,-0.016379694888036398,2019-12-31,2020-03-31,2020-06-30
84,CAH,66.29619818181818,39.893028,23.310472560975608,0.22022022022022023,0.29093931837073983,0.36668529904974845,2019-12-31,2020-03-31,2020-06-30
85,KMX,41.52894968518708,2941.8920933328645,59.69095434384016,0.05702868893237372,0.0013911595138487163,0.07449881483267044,2020-02-29,2020-05-31,2020-08-31
86,CCL,-29.30427656850192,-2.769272976680384,-4.467296257432669,-0.032153149444215726,-0.2098848368522073,-0.14659283187201969,2020-02-29,2020-05-31,2020-08-31
87,CARR,,155.07926061033336,74.14328735632184,,,,,,
88,CAT,73.24822513661202,57.59782285714286,149.2734861353712,0.07526734302166165,0.07691765866028034,0.03334789573321684,2019-12-31,2020-03-31,2020-06-30
89,CBOE,154.6234067207416,62.71315120711564,89.99549199295774,0.025718202407915128,0.047551433491435306,0.03456775096613213,2019-12-31,2020-03-31,2020-06-30
90,CBRE,32.712850458111284,74.40121133656609,186.27646204867088,0.1023021669766183,0.028093549341258923,0.013116124070586871,2019-12-31,2020-03-31,2020-06-30
91,CDW,111.73028954741379,79.93906027397259,88.35250153358011,0.19327293554097677,0.18871529729122177,0.17913982569154982,2019-12-31,2020-03-31,2020-06-30
92,CE,339.5233223505814,39.56492090888532,95.20435420357009,0.017151974471479856,0.08905228758169935,0.04302372336147969,2019-12-31,2020-03-31,2020-06-30
93,CNC,127.10448956937798,713.0000743478261,30.95812429519071,0.016652059596844872,0.001953373816297932,0.048132183908045974,2019-12-31,2020-03-31,2020-06-30
94,CNP,85.48108321273887,-6.364179316096747,93.71694857142857,0.018782150974997008,-0.1720229555236729,0.012511916110581505,2019-12-31,2020-03-31,2020-06-30
95,CTL,59.425971078026905,31.08836973248407,28.166555560477452,0.016555308092056423,0.023625009404860432,0.028004754122715792,2019-12-31,2020-03-31,2020-06-30
96,CERN,148.69322829891595,132.92887203636883,156.0353426395939,0.03574687862492727,0.038093707118078614,0.0335359540629007,2019-12-28,2020-03-31,2020-06-30
97,CF,184.734884,84.8485905882353,31.510621578947365,0.018985157059026578,0.024926686217008796,0.06613296206056388,2019-12-31,2020-03-31,2020-06-30
98,SCHW,71.15460950704225,54.15088880503145,64.72391296572279,0.039181421016325595,0.030262657023220403,0.021775109524582184,2019-12-31,2020-03-31,2020-06-30
99,CHTR,148.8744285372549,234.47322537651516,140.43208978851175,0.022706312609317856,0.013365735115431349,0.026093473225235045,2019-12-31,2020-03-31,2020-06-30
100,CVX,-32.743023942708014,36.492229218755206,-19.712325607581622,-0.04583498020289433,0.025005210866393384,-0.06166211843302167,2019-12-31,2020-03-31,2020-06-30
101,CMG,328.0191305788776,242.6372100329895,3647.280229969419,0.04302726161093174,0.045686056386885325,0.004796139151983929,2019-12-31,2020-03-31,2020-06-30
102,CB,59.68135615538619,200.23836385294047,-172.6786217589124,0.0211996891435181,0.004827863670325881,-0.006044558071585098,2019-12-31,2020-03-31,2020-06-30
103,CHD,121.14247790858727,69.69498868581374,102.14199114391143,0.054126996026688655,0.08155298459791327,0.06325863678804855,2019-12-31,2020-03-31,2020-06-30
104,CI,78.68116781883317,56.20536665537681,39.65866137400228,0.021549252282853235,0.02619845160717851,0.037030781573280415,2019-12-31,2020-03-31,2020-06-30
105,CINF,27.25355282747604,-9.88534911908646,11.376067106710671,0.06346309813463098,-0.1524496393931858,0.0981853532080363,2019-12-31,2020-03-31,2020-06-30
106,CTAS,122.36919290465632,184.33333692983365,118.99690634726086,0.0705469918710926,0.04469118157073345,0.08322366486499683,2020-02-29,2020-05-31,2020-08-31
107,CSCO,71.06858234885337,64.52862692862293,74.66949924127466,0.08099513128640981,0.0776856726783914,0.06951476793248945,2020-01-25,2020-04-25,2020-07-25
108,C,33.83280425788311,34.58003142743854,80.12153731762918,0.025765620310284513,0.013112810727339847,0.0068676874262871695,2019-12-31,2020-03-31,2020-06-30
109,CFG,37.68348266962666,229.76092735235298,41.986057551304356,0.020269357236160534,0.0015489749430523919,0.011285574092247301,2019-12-31,2020-03-31,2020-06-30
110,CTXS,70.85872908364034,99.39871822957477,164.71634678405044,0.24725304898430858,-0.8277660794138739,-1.2063122355656224,2019-12-31,2020-03-31,2020-06-30
111,CME,151.92396424792332,80.53471455559907,115.76316467315715,0.017968609470739295,0.028839530708341332,0.01877431652609865,2019-12-31,2020-03-31,2020-06-30
112,CMS,104.96167293413173,67.98991950617284,122.26324301470588,0.03328019131127939,0.04686595949855352,0.02608362102032988,2019-12-31,2020-03-31,2020-06-30
113,KO,66.12122342342343,105.70439572793704,120.41160868911918,0.15282520101332747,0.10175017158544955,0.09335196431450529,2020-03-27,2020-06-26,2020-09-25
114,CTSH,85.60098860759494,68.62252970027247,84.8712108033241,0.03583741607693704,0.03458023179119947,0.03290193219103172,2019-12-31,2020-03-31,2020-06-30
115,CL,90.13571315707621,78.7232036923077,98.50987856692915,5.495726495726496,-6.327433628318584,2.3694029850746268,2019-12-31,2020-03-31,2020-06-30
116,CMCSA,64.61722637571157,73.4954575221239,60.10068942436412,0.03822256606145589,0.026341619021912496,0.03573564235654316,2019-12-31,2020-03-31,2020-06-30
117,CMA,37.0417249070632,-62.497273846153846,46.86637168141593,0.0367135253173195,-0.008781410429613617,0.01448346577800564,2019-12-31,2020-03-31,2020-06-30
118,CAG,69.0750446183953,83.85504965243297,57.12025680820668,0.026255619781631344,0.025571031348002184,0.04051025685226685,2020-02-23,2020-05-31,2020-08-30
119,CXO,-36.46131495541402,-0.8956571929718659,-23.032002686206894,-0.026487459228433246,-1.107172693638859,-0.054924242424242424,2019-12-31,2020-03-31,2020-06-30
120,COP,96.67118939999999,-18.82676904146061,172.3991380546154,0.020582601983934135,-0.05553249241577519,0.008255802876829772,2019-12-31,2020-03-31,2020-06-30
121,ED,99.22789294915256,68.15587856,125.52009210526316,0.016368882476972588,0.02053556760308855,0.010425240054869684,2019-12-31,2020-03-31,2020-06-30
122,STZ,82.26302547389558,-187.03711659865093,78.68624801073229,0.03283931485847113,-0.016076269654798483,0.04381416837782341,2020-02-29,2020-05-31,2020-08-31
123,CPRT,143.4153070115644,129.5946423074576,134.59798952474733,0.07940165545817843,0.06465860971297377,0.06649204102323504,2020-01-31,2020-04-30,2020-07-31
124,GLW,2839.24,-159.99425,-275.0167014084507,0.002479274812117456,-0.007870142646335464,-0.005892605195451905,2019-12-31,2020-03-31,2020-06-30
125,CTVA,-1039.3691895238094,64.33183363970588,26.36326005263158,-0.0008638775762063434,0.011416579223504721,0.030943365498147468,2019-12-31,2020-03-31,2020-06-30
126,COST,152.81476500547797,164.01655171181386,111.21666054526135,0.056037077163837726,0.04987501487918105,0.07596805950557865,2020-02-16,2020-05-10,2020-08-30
127,COTY,-399.8205028436019,-14.454079528718704,-4.452500326242985,-0.004718563409888857,-0.07277209152778522,-0.2550422685216002,2019-12-31,2020-03-31,2020-06-30
128,CCI,281.4848173076923,324.01688,350.59825,0.01983029840785585,0.018278826202944375,0.02035416242621616,2019-12-31,2020-03-31,2020-06-30
129,CSX,57.12439883116884,106.82972745490981,80.94142454619566,0.06486395417403758,0.04106995884773663,0.057829810638799405,2020-03-31,2020-06-30,2020-09-30
130,CMI,88.79875626666666,38.83484589041096,92.22947101449274,0.03996270147861995,0.07229767968307867,0.03837597330367074,2019-12-31,2020-03-29,2020-06-28
131,CVS,54.49054808242701,38.16481833582461,28.47360705882353,0.027355004384316674,0.03081056186674854,0.043735850166122726,2019-12-31,2020-03-31,2020-06-30
132,DHI,45.253777092511015,25.906846654236585,32.24636302521009,0.042171030760506094,0.046156052782558805,0.05708725561187545,2019-12-31,2020-03-31,2020-06-30
133,DHR,87.13721382636656,160.59861198117963,139.16335166612748,0.04212338044174876,0.0191627140147673,0.02557243593102364,2019-12-31,2020-04-03,2020-07-03
134,DRI,62.319810589754624,-20.311656250000002,314.26877391135736,0.09922262087818214,-0.2059025394646534,0.0152,2020-02-23,2020-05-31,2020-08-30
135,DVA,39.93705545613813,40.28340682323774,48.70359182944614,0.11477921017488911,0.12300407732438806,0.09359793678023506,2019-12-31,2020-03-31,2020-06-30
136,DE,96.07846885880078,62.794708738738734,69.1644833538841,0.04335066241824585,0.05613621038435603,0.06292675356921167,2020-02-02,2020-05-03,2020-08-02
137,DAL,-34.03297752808989,-3.1155763512331642,-3.6157055214723925,-0.037319169753302114,-0.6578826237054085,-1.6023235031277927,2020-03-31,2020-06-30,2020-09-30
138,XRAY,122.16879178885631,-61.16893109363832,-101.00547169811321,0.02008836524300442,-0.029845333333333335,-0.020546617561542933,2019-12-31,2020-03-31,2020-06-30
139,DVN,-14.640342834890966,-1.3920351321585902,-6.248240447761194,-0.11065149948293691,-0.463383516203113,-0.20762317942361327,2019-12-31,2020-03-31,2020-06-30
140,DXCM,218.50403451995683,1273.2817587939699,849.3261339092871,0.10503059143439837,0.021294810058855,0.03419750350838319,2019-12-31,2020-03-31,2020-06-30
141,FANG,-30.120283696098564,-14.979798950735296,-2.7349463889678227,-0.036757491131406146,-0.021206923436769064,-0.2233526227366063,2019-12-31,2020-03-31,2020-06-30
142,DLR,73.65734466445623,138.03144297284993,514.1650934118213,0.034039212447182554,0.013609403899190752,0.004405833615501922,2019-12-31,2020-03-31,2020-06-30
143,DFS,36.31452118644068,-176.5723606557377,-41.29112445652174,0.05970149253731343,-0.006311433005690636,-0.038162397594109713,2019-12-31,2020-03-31,2020-06-30
144,DISCA,48.2846218487395,35.322015915119366,52.47749077490775,0.048124557678697805,0.03980992608236537,0.027465288334853552,2019-12-31,2020-03-31,2020-06-30
145,DISCK,31.539957983193275,27.989310344827587,35.81535055350554,0.048124557678697805,0.03980992608236537,0.027465288334853552,2019-12-31,2020-03-31,2020-06-30
146,DISH,50.588319173403455,158.9872117265626,44.44897277066297,0.03367229823007801,0.0062693298046215115,0.0372007742091475,2019-12-31,2020-03-31,2020-06-30
147,DG,72.80198079363211,67.32934602580383,60.96611863113429,0.07988616187989556,0.09022125669988323,0.10706816179452319,2020-01-31,2020-05-01,2020-07-31
148,DLTR,168.6892764227642,74.20188206785139,84.99669216061184,0.01966489735882842,0.03797196577002116,0.03837912410473171,2020-02-01,2020-05-02,2020-08-01
149,D,65.59992630327056,-219.05611933333336,-57.60287358426005,0.031537163218103396,-0.008787346221441126,-0.04049045755256139,2019-12-31,2020-03-31,2020-06-30
150,DPZ,105.34296456752357,126.57995181177739,151.06027719176697,-0.035847638251395114,-0.036147242717275485,-0.03086658668404571,2020-03-22,2020-06-14,2020-09-06
151,DOV,68.76172706221388,111.71771430517929,77.93231804129805,0.059140511849473325,0.04038352796398931,0.06169871375277575,2020-03-31,2020-06-30,2020-09-30
152,DOW,87.83044686192468,-131.8973629777778,-34816.99926,0.018518518518518517,-0.017946877243359655,,2020-03-31,2020-06-30,2020-09-30
153,DTE,90.9847456928839,53.11273411764706,74.90072202166066,0.022875257025359835,0.02875993909659956,0.02362674854998294,2019-12-31,2020-03-31,2020-06-30
154,DUK,95.8610474777448,62.01208017057569,-72.37797942643391,0.014394942548374695,0.01999104878412651,-0.01763257409198839,2019-12-31,2020-03-31,2020-06-30
155,DRE,146.21350535701944,610.6496842105263,329.15823412104476,0.017297730323039627,0.003922704811422459,0.007983447678544935,2019-12-31,2020-03-31,2020-06-30
156,DD,265.3658167045454,-40.41916558441559,-15.658814152542373,0.004294044453119282,-0.015574827437991453,-0.06696392379408188,2019-12-31,2020-03-31,2020-06-30
157,DXC,115.10321817073172,-0.9467690987124464,-20.41412195121951,0.009372499714253057,-0.7304075235109718,-0.04463313738297409,2019-12-31,2020-03-31,2020-06-30
158,ETFC,58.87084138779069,41.98009859668508,56.101336497448976,0.026287635641143208,0.027764994631078385,0.02873900293255132,2019-12-31,2020-03-31,2020-06-30
159,EMN,407.952625,24.399586627906977,351.0371851851852,0.00436388049681101,0.042177538008827856,0.004484304932735426,2019-12-31,2020-03-31,2020-06-30
160,ETN,84.93652296460176,71.71723972602739,683.4477350980392,0.028105956970526053,0.030747630747630747,0.003594586974908373,2019-12-31,2020-03-31,2020-06-30
161,EBAY,52.27973561151079,6.625524912075029,49.84186246648794,0.19372822299651568,1.6132387706855793,0.2570640937284631,2019-12-31,2020-03-31,2020-06-30
162,ECL,130.75546613128492,158.18663262173607,-28.17562162162162,0.04946288556526545,0.03212387073372553,-0.3475543106981828,2019-12-31,2020-03-31,2020-06-30
163,EIX,154.17726473988438,92.55204131455399,58.00318620689655,0.011164171399070728,0.013703036541430777,0.02116016052535571,2019-12-31,2020-03-31,2020-06-30
164,EW,176.92576688027836,128.56159715214102,-351.672953240361,0.06754574162910108,0.07961856912152983,-0.031752233596415824,2019-12-31,2020-03-31,2020-06-30
165,EA,91.35242774566474,69.97521531100479,105.64000000000001,0.04780986596656073,0.05602466157351561,0.04690310974042663,2019-12-31,2020-03-31,2020-06-30
166,EMR,140.34257116564416,55.38271818181818,92.62857142857142,0.03871274195463722,0.06877743780763602,0.05095134720980718,2019-12-31,2020-03-31,2020-06-30
167,ETR,60.21147384427818,149.43513742259964,51.1445727166658,0.03718284400250618,0.011766544968140029,0.034185336538956695,2019-12-31,2020-03-31,2020-06-30
168,EOG,74.738178156573,2088.598947834505,-31.984555835928496,0.029413121081576045,0.0004570419886659362,-0.044604853833149306,2019-12-31,2020-03-31,2020-06-30
169,EFX,129.40157797513322,219.37493336809177,84.95833751828724,0.04718206578671695,0.035596303032552616,0.07654489586889723,2020-03-31,2020-06-30,2020-09-30
170,EQIX,397.18371362454496,449.544384241363,461.50293344835865,0.014138736643166769,0.013702504589725382,0.01283215315721178,2019-12-31,2020-03-31,2020-06-30
171,EQR,105.90293250714373,76.62243712306307,87.00822828186809,0.02809013925250007,0.029306291034301084,0.02461747970521453,2019-12-31,2020-03-31,2020-06-30
172,ESS,151.75645672909064,45.853450554027546,177.53346053423002,0.020708867735285696,0.05057765810636038,0.013697208304668416,2019-12-31,2020-03-31,2020-06-30
173,EL,135.97525212405745,-9565.711093200001,-147.2684101207792,0.12177525142107565,-0.001386001386001386,-0.11740787801778907,2019-12-31,2020-03-31,2020-06-30
174,RE,50.328583822664534,453.3270205965567,42.390131539186925,0.023830700460148308,0.001935917540074845,0.02055501335892803,2019-12-31,2020-03-31,2020-06-30
175,EVRG,226.63259812206576,177.19299711815563,100.18511814092953,0.007454589997550135,0.008136753740092857,0.015606354851540747,2019-12-31,2020-03-31,2020-06-30
176,ES,109.81102036514595,77.23207376810664,111.770229770608,0.019556196347693382,0.025046002678832092,0.018067123239395258,2019-12-31,2020-03-31,2020-06-30
177,EXC,56.08245764248705,60.4626969072165,67.31009289827256,0.023957298907646474,0.01791761591035035,0.01593126012904015,2019-12-31,2020-03-31,2020-06-30
178,EXPE,208.10773631578948,-6.090784173712529,-15.755595652173914,0.019158053945046636,-0.5731277533039647,-0.26705370101596515,2019-12-31,2020-03-31,2020-06-30
179,EXPD,97.86444415915413,92.85716528804028,70.01077723814238,0.06256229988865745,0.06012563359848556,0.08515931042212607,2019-12-31,2020-03-31,2020-06-30
180,EXR,126.66953782615201,120.23503240469964,115.86077050946936,0.04420619056749297,0.04510993824743476,0.0433183622442322,2019-12-31,2020-03-31,2020-06-30
181,XOM,49.66287662565905,-255.6904,-173.42949148148145,0.029689538220714844,-0.00335019414649685,-0.005993906195368042,2019-12-31,2020-03-31,2020-06-30
182,FFIV,86.19784170836421,106.11751445934277,122.59795340050377,0.051064599488561034,0.030717237665612046,0.03243977549550838,2019-12-31,2020-03-31,2020-06-30
183,FB,92.83589604027759,97.58922888616891,126.25232329084588,0.07272349436934708,0.04655093823596444,0.04688221499904932,2019-12-31,2020-03-31,2020-06-30
184,FAST,87.64269615788747,102.54664085391376,116.78066351146727,0.07626289241888128,0.08584261588214158,0.07676046576102023,2020-03-31,2020-06-30,2020-09-30
185,FRT,64.35520412609006,101.4487367017877,611.432639192919,0.05812038696175386,0.021886753843860393,0.00431625890816355,2019-12-31,2020-03-31,2020-06-30
186,FDX,115.94065587301586,-100.5884622754491,46.440095540562254,0.01672773617970368,-0.018256354195135282,0.06397081492138526,2020-02-29,2020-05-31,2020-08-31
187,FIS,-539.506835443038,5055.770833333333,4410.855263157895,-0.0031957928802589,0.0003050826774055769,0.0003874151255021104,2019-12-31,2020-03-31,2020-06-30
188,FITB,29.445213493152586,229.2053170871739,70.94762071384615,0.03461774277224921,0.002103049421661409,0.008730691739422432,2019-12-31,2020-03-31,2020-06-30
189,FRC,80.55481843624406,64.49106350978114,71.1440371265111,0.025005311585794367,0.021109166086296358,0.0242785313969611,2019-12-31,2020-03-31,2020-06-30
190,FE,-229.7524648648649,287.3504635135135,67.22902330097087,-0.015913978494623657,0.010859994129732903,0.04325913481730365,2019-12-31,2020-03-31,2020-06-30
191,FISV,325.2620404858299,167.4925714285714,33229.848,0.00748961460323236,0.012310397889646076,6.332520659848652e-05,2019-12-31,2020-03-31,2020-06-30
192,FLT,110.38205358583501,111.88467768257853,137.3918031649084,0.06345214591164604,0.0525922590746323,0.05342711147458531,2019-12-31,2020-03-31,2020-06-30
193,FLIR,4155.18510391924,276.6633345954357,86.81706837749155,0.0008998451988396058,0.009048563282450808,0.03498998401211857,2019-12-31,2020-03-31,2020-06-30
194,FLS,92.50176707549468,-5083.764257704917,431.2804626951995,0.03898272802575129,-0.00036759610227608277,0.005199774806745211,2019-12-31,2020-03-31,2020-06-30
195,FMC,-4005.0672834374996,51.451057685742,70.5324726681128,-0.0012636733404414958,0.07707258727666891,0.06533909715824535,2019-12-31,2020-03-31,2020-06-30
196,F,-21.658026315789474,-9.604259909683893,21.729059982094896,-0.05038420973331324,-0.06721753794266441,0.036237996366467684,2019-12-31,2020-03-31,2020-06-30
197,FTNT,162.4568402777778,169.45975,202.53753791257805,0.08714728799455329,0.19392131269811672,0.20610406324692038,2019-12-31,2020-03-31,2020-06-30
198,FTV,134.65426229253112,402.0479713603819,173.25902015384614,0.02609990523893326,0.005785614669778103,0.01757873243817019,2019-12-31,2020-03-27,2020-06-26
199,FBHS,87.59757060518733,55.4523571035747,76.96352176165803,0.042899530206873815,0.04628765379719983,0.04703875213258591,2019-12-31,2020-03-31,2020-06-30
200,FOXA,75.43457333333333,183.87383076923078,132.33893606557376,0.02903038513644281,0.007712082262210797,0.012086387953239549,2019-12-31,2020-03-31,2020-06-30
201,FOX,39.09002004008016,75.22913333333334,174.66,0.04835271317829457,0.02903038513644281,0.008898556456397073,2019-09-30,2019-12-31,2020-03-31
202,BEN,35.67389417974323,102.42620986093553,34.97521701101928,0.034766306935407075,0.007987155926247552,0.028712107729726523,2019-12-31,2020-03-31,2020-06-30
203,FCX,2107.416277777778,-19.96130346232179,318.28415094339624,0.0009679500967950097,-0.0554488989271598,0.0059191422827786465,2019-12-31,2020-03-31,2020-06-30
204,GPS,-33.994287500000006,-3.1252789699570815,-80.65129032258064,-0.05548854041013269,-0.40224428139835994,-0.027518863737239236,2020-02-01,2020-05-02,2020-08-01
205,GRMN,51.46333796353013,86.86241686065269,98.68004897382995,0.07526677815106135,0.03266455901426719,0.03884948324787417,2019-12-28,2020-03-28,2020-06-27
206,IT,206.26105522813546,119.41717538650012,197.77779109247055,0.07213030568095011,0.08435258768358092,0.0555649155232093,2019-12-31,2020-03-31,2020-06-30
207,GD,49.22766029470588,54.017818294475916,68.05632985552,0.075127053104515,0.05348484848484848,0.04499640028797696,2019-12-31,2020-03-29,2020-06-28
208,GE,133.54052554945054,11.191934683013388,-30.061619718309856,0.02570984602344964,0.17568869742659562,-0.059034892353377874,2019-12-31,2020-03-31,2020-06-30
209,GIS,71.30530543933054,62.15861526290555,62.03820726216935,0.05994640334781059,0.07764472296333065,0.07565781682968999,2020-02-23,2020-05-31,2020-08-30
210,GM,-266.5320979381443,101.7795918367347,-47.79630606860158,-0.004642036753445635,0.007329294742352853,-0.01928556889883981,2019-12-31,2020-03-31,2020-06-30
211,GPC,70.04468566191818,-22.051428210825485,60.452111892199305,0.04012546499811032,-0.1980756508234551,0.07548936989064657,2020-03-31,2020-06-30,2020-09-30
212,GILD,30.154672700296732,60.67537588652482,-28.91874812818209,0.11968923418423974,0.07028594734218516,-0.18522216674987518,2019-12-31,2020-03-31,2020-06-30
213,GPN,538.0403124354146,301.89865955493644,1364.2207955854385,0.003689400251948009,0.005255151466770148,0.0013611606476938425,2019-12-31,2020-03-31,2020-06-30
214,GL,61.87321118557048,47.188915062993836,45.8371128991147,0.025644793946841007,0.025388472461773892,0.022048912328153786,2019-12-31,2020-03-31,2020-06-30
215,GS,43.26507766301512,45.45903677658697,187.32010721179623,0.021237467456932366,0.013130689875404583,0.004143109442512968,2019-12-31,2020-03-31,2020-06-30
216,GWW,76.54393445086706,147.3326389473684,79.67863087666667,0.09558011049723757,0.05909797822706065,0.11262318160488034,2020-03-31,2020-06-30,2020-09-30
217,HRB,-33.60441541451077,6.843747595910539,30.835002575088485,0.4073227191491901,6.4808068580115705,0.6746083961057682,2020-01-31,2020-04-30,2020-07-31
218,HAL,-5.875261750245821,-6.77315053699284,-623.0558823529412,-0.14890190336749634,-0.32299094237810755,-0.003269230769230769,2020-03-31,2020-06-30,2020-09-30
219,HBI,29.076371712073097,-363.19352491744985,22.540373091741586,0.14514857330006994,-0.009013577602736354,0.1493356928436423,2019-12-28,2020-03-28,2020-06-27
220,HIG,39.50175366788321,45.86419721611721,29.364483461538455,0.03368162261831592,0.017882876981527577,0.027413308341143392,2019-12-31,2020-03-31,2020-06-30
221,HAS,51.07076807271502,-138.16993539066874,-295.8234589119859,0.08924797948943926,-0.025515311311933356,-0.013024158537208234,2019-12-29,2020-03-29,2020-06-28
222,HCA,47.696303312791784,53.21346919104991,30.728080574606114,-0.3814102564102564,-0.1961512491559757,-0.6041433370660694,2019-12-31,2020-03-31,2020-06-30
223,PEAK,383.3286038878677,44.103609164038986,284.4293182930144,0.007151944977352722,0.03856556228501371,0.007255722301900651,2019-12-31,2020-03-31,2020-06-30
224,HSIC,29.72486506478467,54.92626342496987,-747.1496248958044,0.11002573678038081,0.043791436563921524,-0.00360972449146414,2019-12-28,2020-03-28,2020-06-27
225,HES,-89.9374877027027,-4.139372955199343,-49.38140625,-0.025423728813559324,-0.33791666666666664,-0.05003909304143862,2019-12-31,2020-03-31,2020-06-30
226,HPE,53.853001501501495,-15.655222655298415,1425.6666666666665,0.019372854732677875,-0.05064774830351635,0.0005571030640668524,2020-01-31,2020-04-30,2020-07-31
227,HLT,179.7153622857143,1061.5111111111112,-47.31546511627907,-0.3630705394190871,-0.019693654266958426,0.33102386451116245,2019-12-31,2020-03-31,2020-06-30
228,HFC,135.6882598438248,-13.024319338986224,-26.75593858786939,0.010137678726665399,-0.054453742035668974,-0.03282383807622438,2019-12-31,2020-03-31,2020-06-30
229,HOLX,36.57754871794872,91.35482409138109,101.31425264684553,0.17153900835258576,0.046162695939791956,0.06115028158396523,2019-12-28,2020-03-28,2020-06-27
230,HD,99.73842031438936,105.23724400890868,65.82918857340721,-0.7962130937098845,-0.6432664756446992,-10.46376811594203,2020-02-02,2020-05-03,2020-08-02
231,HON,80.41316586427658,59.89244762808349,94.17992016651247,0.08445982480804586,0.08960553162548175,0.059569074778200254,2019-12-31,2020-03-31,2020-06-30
232,HRL,103.99292475872065,111.36618882648692,136.1676937278456,0.039868911533670705,0.036957596337070284,0.032408844142530625,2020-01-26,2020-04-26,2020-07-26
233,HST,163.57992525,-2605.808,-21.613718749999997,0.010930454980188551,-0.0004246885617214043,-0.05240434717880006,2019-12-31,2020-03-31,2020-06-30
234,HWM,48.46406504854369,26.891162790697674,-71.98541666666667,0.06707184718906013,0.044950867656282666,-0.02783415482748623,2019-12-31,2020-03-31,2020-06-30
235,HPQ,45.04358407079646,28.95040837696335,34.082207084468656,-0.4149326805385557,-1.0282637954239569,-0.36958710976837866,2020-01-31,2020-04-30,2020-07-31
236,HUM,95.09367069667968,88.02480028985201,28.216448714442013,0.042535515493893825,0.03828409550789154,0.12680355160932297,2019-12-31,2020-03-31,2020-06-30
237,HBAN,48.20106662586751,174.3325221,61.99529546666666,0.026875794828317083,0.004078511343359674,0.012181257105733312,2019-12-31,2020-03-31,2020-06-30
238,HII,68.57179248322147,42.61318395348837,133.09829188679245,0.09382871536523929,0.1046865489957395,0.03158522050059595,2019-12-31,2020-03-31,2020-06-30
239,IEX,134.71657440165203,102.85011901017668,168.83359195360126,0.04279284155514091,0.045743382663904666,0.03134137123806466,2019-12-31,2020-03-31,2020-06-30
240,IDXX,251.8183562809406,187.8206443882068,191.53004109037198,0.5099141841294169,1.038570128350391,0.545641717009265,2019-12-31,2020-03-31,2020-06-30
241,INFO,59.08225286597938,389.3436156206416,196.78275750644568,0.057951965587286415,0.008842681663460115,0.018957511433858185,2020-02-29,2020-05-31,2020-08-31
242,ITW,89.15637316692667,79.76339899293286,173.9730094043887,0.21183079973562458,0.24791940429259746,0.1353415358506576,2019-12-31,2020-03-31,2020-06-30
243,ILMN,204.57263598326358,236.31236994219657,1140.8910638297873,0.05181010188597442,0.03732470334412082,0.010300241069471838,2019-12-29,2020-03-29,2020-06-28
244,INCY,171.8388061799018,-22.02269480546513,78.9482634396379,0.04272042167390316,-0.3719018372614014,0.12381536498274336,2019-12-31,2020-03-31,2020-06-30
245,IR,287.6406980544747,-183.65925625,-66.025,0.0137440504839831,-0.004236605189841358,-0.020711611797222126,2019-12-31,2020-03-31,2020-06-30
246,INTC,37.378981564084,39.398700582935874,47.92717657198825,0.08891435635277302,0.07414149880818294,0.062248506279721984,2019-12-28,2020-03-28,2020-06-27
247,ICE,115.30947901785716,68.7262476923077,96.15372848948374,0.025963488843813387,0.03837298541826554,0.030849997050669497,2019-12-31,2020-03-31,2020-06-30
248,IBM,31.46295675523842,82.23348067691497,78.38712878885232,0.17609519696751597,0.05880294014700735,0.06622548781081213,2019-12-31,2020-03-31,2020-06-30
249,IFF,173.42507541505574,92.49195474893064,161.4848556911512,0.013437174698229328,0.021381298420515286,0.014396594411474655,2019-12-31,2020-03-31,2020-06-30
250,IP,106.08168509090909,-84.12415617021277,51.30708687969925,0.021392454297938544,-0.02056292839434155,0.0376930707099334,2019-12-31,2020-03-31,2020-06-30
251,IPG,1311.2699212765958,-144.52205263157896,23.178273149803363,0.0018558736426456072,-0.01860920666013712,0.10273268199515169,2020-03-31,2020-06-30,2020-09-30
252,INTU,307.2278,65.59798450184502,181.75658426966294,0.06439495572846794,0.22869198312236286,0.08715236976106541,2020-01-31,2020-04-30,2020-07-31
253,ISRG,189.23814354066985,1003.0683970588236,264.01487553488374,0.03685330386636416,0.007779875293175448,0.033906543671282596,2020-03-31,2020-06-30,2020-09-30
254,IVZ,32.767434895397486,28.62140056858564,49.29948004012036,0.017240757439134356,0.010422762661767648,0.0073298044405234524,2019-12-31,2020-03-31,2020-06-30
255,IPGP,-1726.827640449438,162.60718292448425,224.60306336001673,-0.001852834170092675,0.015457296580270048,0.015689851056005042,2019-12-31,2020-03-31,2020-06-30
256,IQV,257.4170975609756,-1177.604,298.5605936287129,0.014796102490075786,-0.004113754247898408,0.017276770441327402,2020-03-31,2020-06-30,2020-09-30
257,IRM,232.539527795756,104.87027491363814,-1061.0574513124473,0.02575203454734481,0.0569337219391728,-0.006917895147905887,2019-12-31,2020-03-31,2020-06-30
258,JBHT,86.16907855967818,93.64485849056604,104.1139929785206,0.06381744565243762,0.04593111340692196,0.050901711237417095,2019-12-31,2020-03-31,2020-06-30
259,JKHY,154.64449337013508,161.22539926071357,230.54373624582283,0.048493824768992146,0.04878578841017978,0.03958538751026013,2019-12-31,2020-03-31,2020-06-30
260,J,46.13946568421053,59.7533022396206,44.11445843414569,0.042797603434133996,0.02964768672204579,0.041969645017755026,2019-12-27,2020-03-27,2020-06-26
261,SJM,61.246408110992526,56.8557779496244,51.95804915611815,0.022936453539606383,0.02762822156295401,0.028399559027944207,2020-01-31,2020-04-30,2020-07-31
262,JNJ,94.94287442892768,60.471191149068325,101.53357028405958,0.06742782196364615,0.09456064215094463,0.05757566134205595,2019-12-29,2020-03-29,2020-06-28
263,JCI,195.01295094339622,95.11059863849765,-139.56131868131868,0.008225981685550209,0.011778367617783676,-0.010221847795563043,2019-12-31,2020-03-31,2020-06-30
264,JPM,50.155934633802815,95.50394099127399,61.23367533603584,0.03260245666398806,0.01096600347543845,0.01772250497228377,2019-12-31,2020-03-31,2020-06-30
265,JNPR,48.80523307600951,309.1609602941177,123.38851307189545,0.03652453042987897,0.004646183979775434,0.013708756131980377,2019-12-31,2020-03-31,2020-06-30
266,KSU,117.33850443396227,80.36588533992095,129.13925223336372,0.02876201243640475,0.03420382596156013,0.02481619726275308,2019-12-31,2020-03-31,2020-06-30
267,K,158.4177820689655,57.96994812680115,62.261196581196586,0.05278485620677102,0.12976813762154077,0.12229965156794426,2019-12-28,2020-03-28,2020-06-27
268,KEY,40.784939384221744,67.2593275479452,62.40157483155081,0.02752670501232539,0.008385503417379817,0.010660129973777221,2019-12-31,2020-03-31,2020-06-30
269,KEYS,108.96374233128834,257.599014084507,107.83579545454546,0.052126638951071315,0.02301458670988655,0.05247465712581992,2020-01-31,2020-04-30,2020-07-31
270,KMB,65.71090009090909,70.4804508516887,106.70938000932203,-3.9520958083832336,2.541044776119403,1.408955223880597,2020-03-31,2020-06-30,2020-09-30
271,KIM,77.97140762938795,44.95407785793563,7.402426282904105,0.0224915578804216,0.018733401655151135,0.13459759190614398,2019-12-31,2020-03-31,2020-06-30
272,KMI,75.01168524590165,-99.35260653594771,-52.85628791208792,0.018078359314800545,-0.009243037515858152,-0.02006109658929865,2019-12-31,2020-03-31,2020-06-30
273,KLAC,73.2278751034673,285.35777447611275,73.57893591195688,0.14254256181445252,0.033999687098173595,0.1542917749671347,2019-12-31,2020-03-31,2020-06-30
274,KSS,22.899057773584907,-5.4711272569316085,70.4425564893617,0.04862385321100918,-0.11294363256784969,0.009716766590862104,2020-02-01,2020-05-02,2020-08-01
275,KHC,204.52539395604396,76.602,-22.63031496062992,0.0035255603122639136,0.007410456978180321,-0.03366639477977162,2019-12-28,2020-03-28,2020-06-27
276,KR,65.10554434250764,20.936353795379535,33.96402834432235,0.03801441525226691,0.12954253954681488,0.08340122199592669,2020-02-01,2020-05-23,2020-08-15
277,LB,-32.88655,-11.191919191919192,-138.48938775510206,0.12808539026017346,0.1595916174099946,0.025681341719077568,2020-02-01,2020-05-02,2020-08-01
278,LHX,119.20422446564886,179.62317276497694,132.37314487632509,0.01739938902908753,0.009909580783633208,0.012804271106687177,2020-01-03,2020-04-03,2020-07-03
279,LH,73.0015852047556,-38.72984867591425,70.07317357512954,0.030011893749174044,-0.04518454153074743,0.03149863315516749,2019-12-31,2020-03-31,2020-06-30
280,LRCX,84.49812588540554,65.55038338775985,65.27013298922162,0.11748335228177006,0.12667051157140757,0.13468802477102923,2019-12-29,2020-03-29,2020-06-28
281,LW,125.00200215439858,-5607.17205,103.53006389473684,0.4119822485207101,-0.006666666666666667,0.26897590361445783,2020-02-23,2020-05-31,2020-08-30
282,LVS,82.64803306836248,-32447.079999999998,-42.4299512195122,0.12126470021206863,-0.00022276676319893073,-0.22043010752688172,2019-12-31,2020-03-31,2020-06-30
283,LEG,77.76489400921659,78.21093479212253,-781.9434426229508,0.06615853658536586,0.036908415441770315,-0.005023884038873333,2019-12-31,2020-03-31,2020-06-30
284,LDOS,77.4724541436464,109.74315130434782,88.13176470588235,0.05303252270729564,0.03427719821162444,0.04324477105709441,2020-01-03,2020-04-03,2020-07-03
285,LEN,46.58112028952044,35.77496557229719,34.679660213259545,0.024834026702692913,0.03127699264140812,0.038808176261230204,2020-02-29,2020-05-31,2020-08-31
286,LLY,79.27359159510596,86.00607861997939,105.4009357223796,0.5737465955732863,0.47307392490580746,0.3449876615602629,2019-12-31,2020-03-31,2020-06-30
287,LNC,26.365968485976854,97.49966459184616,-74.76752623734043,0.02194118543349078,0.003137254901960784,-0.004534272345762385,2019-12-31,2020-03-31,2020-06-30
288,LIN,222.518650290411,160.15331608516578,244.09835373362446,0.0104128459061825,0.012797034125424335,0.010057755232009136,2019-12-31,2020-03-31,2020-06-30
289,LYV,-94.18560277279349,-51.921461075634255,-16.535877292838805,-0.13959173343107992,-0.21502663628725763,-1.6597704174892154,2019-12-31,2020-03-31,2020-06-30
290,LKQ,78.13577228822977,43.34958983298424,67.09019125867061,0.028027844969609948,0.02927406821727629,0.02320833461951593,2019-12-31,2020-03-31,2020-06-30
291,LMT,56.72493026208503,63.07990671586716,,0.4982588508415554,0.43348440415889095,0.34282253179890976,2020-03-29,2020-06-28,2020-09-27
292,L,71.30020404147464,-15.760721468354433,-11.539432723353292,0.011349966002405983,-0.037250972533301896,-0.04853522436642641,2019-12-31,2020-03-31,2020-06-30
293,LOW,172.23872235294118,58.8409445026178,39.649657001414425,0.25862068965517243,0.7791375291375291,0.6492194674012856,2020-01-31,2020-05-01,2020-07-31
294,LYB,49.01947450980392,111.7506013888889,68.84101656050956,0.07608155146693188,0.019661387220098307,0.042674639847784725,2019-12-31,2020-03-31,2020-06-30
295,MTB,44.02130574750642,48.90919099627262,54.779579962581,0.03137220917766885,0.016997060027463685,0.015117743031482075,2019-12-31,2020-03-31,2020-06-30
296,MRO,-541.32381,-56.788260869565214,-6.446400000000001,-0.0016456841932033243,-0.00384679712326476,-0.06711409395973154,2019-12-31,2020-03-31,2020-06-30
297,MPC,85.04066907449211,-1.605578947368421,2671.4302555555555,0.013147741437644685,-0.3833444038525407,0.00037909102396697697,2019-12-31,2020-03-31,2020-06-30
298,MKTX,286.01863029856975,168.85063495776305,227.64793197462257,0.06528189525653462,0.09376813392439744,0.09824905915049374,2019-12-31,2020-03-31,2020-06-30
299,MAR,178.6116346953405,790.0901290322581,-119.28926495726496,0.3968705547652916,-1.55,2.962025316455696,2019-12-31,2020-03-31,2020-06-30
300,MMC,143.67856265984653,57.94154641909814,95.53279003496503,0.05017323238804055,0.10335846470185059,0.06953561876975443,2019-12-31,2020-03-31,2020-06-30
301,MLM,132.62842865212713,454.11221042471044,58.97946153492647,0.02448213351274576,0.004889652438218581,0.03962776128644534,2019-12-31,2020-03-31,2020-06-30
302,MAS,29.608007947019864,17.86422808349146,58.79329776785715,-1.9276595744680851,-1.514367816091954,-1.6470588235294117,2019-12-31,2020-03-31,2020-06-30
303,MA,143.42859576190475,143.69406615475486,209.62538366197182,0.35635499745460714,0.31363467951093,0.21947449768160743,2019-12-31,2020-03-31,2020-06-30
304,MXIM,112.47213173365286,78.93144829021652,76.17283591158622,0.0845926664732127,0.09950350104911099,0.12506991131594966,2019-12-28,2020-03-28,2020-06-27
305,MKC,134.6520386316517,120.6301247064829,134.8654031809801,0.04062438586147842,0.053672703361735935,0.0524067434586925,2020-02-29,2020-05-31,2020-08-31
306,MCD,93.17342751558326,110.74978286204716,283.7763418768086,-0.19149117571830507,-0.1191060322379323,-0.051124895647303735,2019-12-31,2020-03-31,2020-06-30
307,MCK,132.77419354838707,23.587010577864838,56.169359459459464,0.03012633624878523,0.2005106048703849,0.08152772677194271,2019-12-31,2020-03-31,2020-06-30
308,MDT,83.09805375979111,206.10105114551084,267.44969199178644,0.03696340333539222,0.012732325521808542,0.00968267854302529,2020-01-24,2020-04-24,2020-07-31
309,MRK,97.2044187606112,60.39784417520969,65.3260759493671,0.09094067240514146,0.12283915283342874,0.1086028507343897,2019-12-31,2020-03-31,2020-06-30
310,MET,76.77537389544688,6.228952251023192,227.18053944827588,0.00896528785679729,0.06263083692912377,0.001915632885471576,2019-12-31,2020-03-31,2020-06-30
311,MTD,101.19593127227638,171.39399148754012,154.2142419881165,0.45807547887257,0.32022180373828724,0.28119077612848903,2019-12-31,2020-03-31,2020-06-30
312,MGM,8.453357081086132,7.267184293856872,-9.670449818432513,0.2603219897337544,0.09871268525702619,-0.11624156297895438,2019-12-31,2020-03-31,2020-06-30
313,MCHP,86.00078158148504,173.37036576576574,218.90390355987054,0.055389381476338,0.017885596634141975,0.022467416792394525,2019-12-31,2020-03-31,2020-06-30
314,MU,141.49911111111112,65.33577833125779,53.03566018421052,0.010939145936309862,0.021232152300370174,0.025335931890450303,2020-02-27,2020-05-28,2020-09-03
315,MSFT,103.29628993046614,111.99325451078869,138.69897675415103,0.10579516660763426,0.0939031100165064,0.09468826075196105,2019-12-31,2020-03-31,2020-06-30
316,MAA,112.27363738242785,316.1518998035363,173.26741351682608,0.02459254909336255,0.0060991704342679915,0.012577060930097968,2019-12-31,2020-03-31,2020-06-30
317,MHK,36.751443738735844,50.685678556562976,-141.18598462399237,0.03259509638181339,0.014093714260062786,-0.006093969651003206,2019-12-31,2020-03-28,2020-06-27
318,TAP,70.60446120952963,-72.2518547008547,38.23651282051282,0.012198757023413864,-0.009222329071618874,0.014996654592437072,2019-12-31,2020-03-31,2020-06-30
319,MDLZ,109.1061611570248,97.458828125,135.25012867647058,0.02665100400132154,0.02866713406559165,0.020908601737258822,2019-12-31,2020-03-31,2020-06-30
320,MNST,134.91756179546113,109.05927405096203,118.25891504934658,0.06112127185869281,0.072032779584112,0.07375720708556593,2019-12-31,2020-03-31,2020-06-30
321,MCO,125.39171257651641,81.83501213114754,101.81162652259333,0.5872549019607843,0.8384879725085911,0.48895292987512007,2019-12-31,2020-03-31,2020-06-30
322,MS,35.74927887449754,31.006349764428744,23.367569023779726,0.027455885418582692,0.019776380153738643,0.03688614461307635,2019-12-31,2020-03-31,2020-06-30
323,MSI,115.24020008230453,120.03594578680203,178.4608,-0.34714285714285714,-0.20780590717299577,-0.16265060240963855,2019-12-31,2020-03-28,2020-06-27
324,MSCI,178.75249326046767,166.1814298329114,244.04749223786732,-1.600529238470162,-0.41804132294380114,-0.370251373290623,2019-12-31,2020-03-31,2020-06-30
325,MYL,509.36341463414635,370.5995192307692,211.08060913705583,0.001725037445934802,0.0018468040523142762,0.0033542762765830653,2019-12-31,2020-03-31,2020-06-30
326,NDAQ,87.22414545960592,77.68852865613792,82.32690093153528,0.035999290654371345,0.03762045959970348,0.041883906847410494,2019-12-31,2020-03-31,2020-06-30
327,NOV,-24.736236363636362,-1.8392232535417683,-50.71236559139785,-0.04949858575469272,-0.37313160772876414,-0.01703296703296703,2019-12-31,2020-03-31,2020-06-30
328,NTAP,48.316767870036095,48.67165714285714,127.72207792207791,0.9822695035460993,0.8099173553719008,0.2711267605633803,2020-01-24,2020-04-24,2020-07-31
329,NFLX,239.62685754660703,286.8151625390866,278.8138046466146,0.08431944465254752,0.07715212175405177,0.07644936677194741,2020-03-31,2020-06-30,2020-09-30
330,NWL,9.859851247165533,-4.268517576231431,85.23620102564102,0.1599339149356275,-0.37029530978575564,0.022336769759450172,2019-12-31,2020-03-31,2020-06-30
331,NEM,62.69010690265487,44.37335474452555,144.11982558139536,0.026377217553688142,0.037696046959552414,0.01563352117796764,2019-12-31,2020-03-31,2020-06-30
332,NWSA,97.23004917647059,-7.23689589041096,-17.58088161209068,0.009488725161866489,-0.0932073544433095,-0.05236085465576365,2019-12-31,2020-03-31,2020-06-30
333,NWS,-32.51199209486166,96.81734117647058,-7.655684788732395,-0.029033738811108562,0.009488725161866489,-0.12691521961184882,2019-09-30,2019-12-31,2020-03-31
334,NEE,120.16796923076923,278.086132304038,92.17481461960784,0.0263477908390758,0.011564980908166909,0.03439160575081596,2019-12-31,2020-03-31,2020-06-30
335,NLSN,-65.56985790619267,-246.34401038,-175.99427328500002,-0.04965831435079727,-0.008806262230919765,-0.014844136566056407,2019-12-31,2020-03-31,2020-06-30
336,NKE,167.16591711924437,-195.5975392405063,117.44027365395257,0.09364289662797126,-0.09807572936064556,0.16457068516912401,2020-02-29,2020-05-31,2020-08-31
337,NI,-73.6002512562814,124.80506428571428,-1839.7474148936171,-0.023268244608883024,0.013167520117044623,-0.0008301246953265745,2019-12-31,2020-03-31,2020-06-30
338,NBL,-9.74739502487562,-0.7269849356548069,-10.498905147058824,-0.14340071343638525,-0.901296338412554,-0.101923557332001,2019-12-31,2020-03-31,2020-06-30
339,NSC,75.15446373873874,98.10033010498688,114.41171387755104,0.04386195995785037,0.025597957538296155,0.0263777673104098,2019-12-31,2020-03-31,2020-06-30
340,NTRS,59.56537056071409,43.55601680006656,52.8177902406639,0.03345956180687044,0.033144296258168886,0.027525434450282018,2019-12-31,2020-03-31,2020-06-30
341,NOC,58.20629594470046,50.96617211940299,53.466914126774846,0.0957845950121386,0.10348023064250411,0.0942008216298844,2020-03-31,2020-06-30,2020-09-30
342,NLOK,3.3357682601054486,50.107290043290035,103.54537627118644,0.3278782989512504,23.1,-0.2345924453280318,2020-01-03,2020-04-03,2020-07-03
343,NCLH,103.41192014147094,-1.2447785336517503,-5.4979935245783595,0.0186164575703863,-0.4299704616639396,-0.16491558153342442,2019-12-31,2020-03-31,2020-06-30
344,NRG,2.8858357670706476,55.11831074380166,25.363464536741212,2.040410132689988,0.07877604166666667,0.17885714285714285,2019-12-31,2020-03-31,2020-06-30
345,NUE,154.95009180045074,525.9120636072992,115.8802679071647,0.010409769734422128,0.0019994681459970707,0.01068003162390312,2019-12-31,2020-04-04,2020-07-04
346,NVDA,156.63774889589908,201.35686521264995,419.4152697749196,0.07792527040314651,0.07000534391938316,0.04470317665660486,2020-01-26,2020-04-26,2020-07-26
347,NVR,59.028517172450684,57.1423497083146,76.68464878866372,0.10940209563804541,0.07269709907531034,0.06280594331981326,2019-12-31,2020-03-31,2020-06-30
348,ORLY,103.17554050893155,75.81712749385896,59.350742306744635,0.8177278904716364,2.760262393884826,0.9025072143948396,2019-12-31,2020-03-31,2020-06-30
349,OXY,-25.45596619217082,-7.2673516176470585,-2.060466117328742,-0.04104346810002337,-0.04563029237897428,-0.3482823610040264,2019-12-31,2020-03-31,2020-06-30
350,ODFL,104.87750956969673,117.88807994950331,135.70422094175433,0.046750155889034924,0.04415611284829921,0.049557949993092966,2019-12-31,2020-03-31,2020-06-30
351,OMC,41.87856281927711,45.746629213483146,-484.8570247933884,0.14541504607729774,0.10545023696682465,-0.010029009531703274,2019-12-31,2020-03-31,2020-06-30
352,OKE,90.94250230444246,-59.66972652600858,100.55685593764191,0.05143808552299881,-0.025510907825194974,0.021523552346774024,2019-12-31,2020-03-31,2020-06-30
353,ORCL,62.36515826526643,53.667470795892164,78.97936166459351,0.18061116965226554,0.2580752029153553,0.23717205773891054,2020-02-29,2020-05-31,2020-08-31
354,OTIS,,130.33317672727273,109.84144700892858,,,,,,
355,PCAR,51.050162845849805,58.58807982749026,175.1133375761679,0.054738772524494904,0.03729221574283521,0.015107192537435562,2019-12-31,2020-03-31,2020-06-30
356,PKG,76.0402616740088,57.319359915314045,166.1573192239859,0.0443503744708564,0.044985555096987206,0.01809709233666337,2019-12-31,2020-03-31,2020-06-30
357,PH,129.508977526688,45.37806564269046,80.00222843210378,0.03230147665743838,0.05833125529106622,0.04836716098163832,2019-12-31,2020-03-31,2020-06-30
358,PAYX,77.44117009873061,116.58340453103762,130.56999698156898,0.12845133705340966,0.07934852951750916,0.07615345857626142,2020-02-29,2020-05-31,2020-08-31
359,PAYC,340.5532384310269,187.3437181623423,630.9330865018014,0.08617088343194816,0.10506212194975557,0.048798930789805635,2019-12-31,2020-03-31,2020-06-30
360,PYPL,253.46343195266275,1350.617857142857,134.82896732026143,0.03002665087355641,0.00526085050416484,0.08673469387755102,2019-12-31,2020-03-31,2020-06-30
361,PNR,68.33162173314993,87.2882241331484,68.82023465703972,0.038414795244385735,0.03698004821254552,0.05405405405405406,2020-03-31,2020-06-30,2020-09-30
362,PBCT,50.21082270742358,35.350720398773014,53.20036117908788,0.017289108113549428,0.016879166396996957,0.011580574520159733,2019-12-31,2020-03-31,2020-06-30
363,PEP,106.8317692077728,108.39249513973269,84.18873550851157,0.0993687337541775,0.13177487791209672,0.16991767410813619,2020-03-21,2020-06-13,2020-09-05
364,PKI,162.87540219221407,249.7011829021239,81.58072230865692,0.022922897807396626,0.012198586391646189,0.04622197479800085,2019-12-29,2020-04-05,2020-07-05
365,PRGO,-365.3310736842105,58.991641823308264,121.86107673267327,-0.0032737172197525757,0.01838794414489147,0.010253113156469951,2019-12-31,2020-03-28,2020-06-27
366,PFE,-633.8233333333334,52.869640840929144,53.01492057793346,-0.005321170657544659,0.05230215606065266,0.05325167868689381,2019-12-31,2020-03-29,2020-06-28
367,PM,79.22533836633663,61.27538915662652,56.06239342578326,-0.13958711237799085,-0.14106922126081584,-0.1622905726431608,2019-12-31,2020-03-31,2020-06-30
368,PSX,65.37752928994564,-9.235020350360577,-220.57135408510638,0.029546366920915296,-0.11678832116788321,-0.006806661839246922,2019-12-31,2020-03-31,2020-06-30
369,PNW,154.23868750879166,279.6202804587737,42.330630843815385,0.011781466963058552,0.005483764451720457,0.035264197762954495,2019-12-31,2020-03-31,2020-06-30
370,PXD,71.16822906976743,40.058269896193764,-36.72095671981777,0.028385180295403913,0.02366718532470723,-0.03739352640545145,2019-12-31,2020-03-31,2020-06-30
371,PNC,49.737158522311624,44.00164460352423,12.150272039473684,0.027720322829216854,0.018431683007531008,0.06893033274757666,2019-12-31,2020-03-31,2020-06-30
372,PPG,80.92100333333335,245.86032705882351,65.34870695294117,0.05145034935422401,0.021109271523178808,0.0832391713747646,2020-03-31,2020-06-30,2020-09-30
373,PPL,72.44537384615384,33.782566065703975,57.79506604651163,0.028019398044800248,0.04183974020089117,0.026372278442195647,2019-12-31,2020-03-31,2020-06-30
374,PFG,49.261016650049854,29.283411838006234,28.380088174742657,0.020584211246408537,0.022382335851249272,0.026129855475592236,2019-12-31,2020-03-31,2020-06-30
375,PG,97.28078681179294,110.85500302142857,80.20962196622563,0.06405357927097058,0.06018787214376303,0.08868577075098814,2020-03-31,2020-06-30,2020-09-30
376,PGR,38.345320872245054,61.85584516521241,26.240631188561213,0.07831378170435596,0.048712678117269974,0.10739865391767543,2019-12-31,2020-03-31,2020-06-30
377,PLD,148.74379367737234,117.76575664846767,175.9716029869046,0.01708333688324795,0.015221992990455322,0.012597274044094258,2019-12-31,2020-03-31,2020-06-30
378,PRU,32.02287375886525,-73.36851542435424,-9.812779792444998,0.017872138160500674,-0.004483266332489619,-0.036557051155591304,2019-12-31,2020-03-31,2020-06-30
379,PEG,67.27333112128147,50.35879352678572,55.26412416851441,0.028961495128901848,0.029378975670535774,0.029113678910335034,2019-12-31,2020-03-31,2020-06-30
380,PSA,94.38986287838556,93.74820372081845,106.3726585546308,0.042592826962551,0.04062496740847023,0.0350198844817419,2019-12-31,2020-03-31,2020-06-30
381,PHM,29.43910033724247,26.260457661637314,29.892172491377217,0.03683482777257521,0.0595761755451608,0.06673012805257679,2020-03-31,2020-06-30,2020-09-30
382,PVH,-93.49469584569734,-2.8923249452954045,-68.0983073929961,-0.011597694226963778,-0.24300970443568043,-0.011214137667721174,2020-02-02,2020-05-03,2020-08-02
383,QRVO,85.77482213242767,189.012201627307,129.33652700109366,0.03718413956657834,0.011738628567568165,0.022274544412001624,2019-12-28,2020-03-28,2020-06-27
384,QCOM,108.50056810810811,167.57108952991453,119.33997183431951,0.2049634389541325,0.15369458128078817,0.2555958862673926,2019-12-29,2020-03-29,2020-06-28
385,PWR,51.16397860238353,120.04464421237657,76.14108714467312,0.029169254957420353,0.010206062959636901,0.018890622361524504,2019-12-31,2020-03-31,2020-06-30
386,DGX,56.41586403162056,108.14986363636365,83.37968864864865,0.044850203864563024,0.017500441930351777,0.03172697650488767,2019-12-31,2020-03-31,2020-06-30
387,RL,26.378173121819813,-20.123947791164657,-38.7538762725137,0.10720359377506819,-0.0924585050685084,-0.04997065153590295,2019-12-28,2020-03-28,2020-06-27
388,RJF,46.70814682835821,52.48093437869823,55.78431395348837,0.03916983338205203,0.02486025301559282,0.024694903086862886,2019-12-31,2020-03-31,2020-06-30
389,RTX,69.80122560804901,-959.4107486746988,-23.94434526988266,0.02736151673289606,-0.002106011012153967,-0.05704722945332837,2019-12-31,2020-03-31,2020-06-30
390,O,181.75591466666665,112.1762513774442,188.2242892339739,0.013228050747785861,0.014134269155367989,0.010423368127195562,2019-12-31,2020-03-31,2020-06-30
391,REG,252.25144229232336,-247.15988665719252,403.95376041163496,0.006484587697325178,-0.004086187389727623,0.0031110834512281397,2019-12-31,2020-03-31,2020-06-30
392,REGN,54.18859090909091,89.98107428754403,81.9439819458375,0.07141762175712599,0.05147943624824858,0.09906816525713781,2019-12-31,2020-03-31,2020-06-30
393,RF,41.081074550128534,51.850102469135805,-49.22826168224299,0.023872353482663394,0.009346872836372028,-0.01215770935121009,2019-12-31,2020-03-31,2020-06-30
394,RSG,98.18629180781195,97.09366228177021,116.2890465631929,0.035635978418861326,0.030342975410239986,0.027409415225292024,2019-12-31,2020-03-31,2020-06-30
395,RMD,139.57252695354833,130.94224226263813,157.44207239407316,0.07110117948404548,0.07229868761774678,0.07121869327003673,2019-12-31,2020-03-31,2020-06-30
396,RHI,63.06244710657379,47.175567767335814,128.5711893995151,0.09866545187783678,0.07957607805827821,0.039937546792356914,2019-12-31,2020-03-31,2020-06-30
397,ROK,74.94043746379144,131.81427140695916,77.67502391441157,0.43333333333333335,0.21295103092783504,0.4124594419208306,2019-12-31,2020-03-31,2020-06-30
398,ROL,212.50542372894708,272.76716801793475,184.09669774144749,0.062231075697211154,0.054059929707598105,0.0873381778565882,2019-12-31,2020-03-31,2020-06-30
399,ROP,42.67375088967971,136.2336606741573,186.624013229927,0.09177298538754096,0.025053955146851836,0.022186908509367692,2019-12-31,2020-03-31,2020-06-30
400,ROST,87.62680874394091,-102.44469340378365,1440.7394856443054,0.13578421843691849,-0.10855500406049283,0.007689386052380738,2020-02-01,2020-05-02,2020-08-01
401,RCL,101.45799758069239,-4.656800472696384,-6.424764776501075,0.022454740055077974,-0.14117579794317212,-0.1828769938994222,2019-12-31,2020-03-31,2020-06-30
402,SPGI,123.07644632162663,92.92936784037558,100.44555419191919,1.129436325678497,-2.556,3.7714285714285714,2019-12-31,2020-03-31,2020-06-30
403,CRM,-653.5225403225807,1493.5388888888888,68.43874285714286,-0.007318872657518076,0.0028641689570374656,0.0682882414151925,2020-01-31,2020-04-30,2020-07-31
404,SBAC,407.0457010289379,-237.0414508744038,1481.7125437689037,-0.018366749777134324,0.029430444984399718,-0.005299196839390178,2019-12-31,2020-03-31,2020-06-30
405,SLB,-2.5029182212581347,-7.384248922539313,-263.5712195121951,-0.4740055266371056,-0.2852159468438538,-0.0068670965580772125,2020-03-31,2020-06-30,2020-09-30
406,STX,47.69241666666667,37.128860625,74.71734939759037,0.1737704918032787,0.17857142857142858,0.09289311695579183,2020-01-03,2020-04-03,2020-07-03
407,SEE,58.453855417066144,29.952454976303315,50.96154515484515,-0.5316004077471967,-0.6959868059373282,-1.4279600570613409,2019-12-31,2020-03-31,2020-06-30
408,SRE,89.02470243672198,44.172875778894465,15.14439642072903,0.02416161211088275,0.03952922481005115,0.09637687293659528,2019-12-31,2020-03-31,2020-06-30
409,NOW,93.68276196978908,1187.9959370529327,2001.6816018250502,0.2813630641075105,0.021283750239950223,0.016445821092897144,2019-12-31,2020-03-31,2020-06-30
410,SHW,217.36811001085184,132.06080552580664,88.98785842416513,0.06029684961074867,0.09780791097868718,0.15398330706219798,2019-12-31,2020-03-31,2020-06-30
411,SPG,86.35343781099274,37.592834922933406,80.38689382496558,0.2022753342901633,0.2009713975849824,0.12567977766170282,2019-12-31,2020-03-31,2020-06-30
412,SWKS,80.70826557759626,81.6755439536168,162.73857386276023,0.06024886930846202,0.04371439606063532,0.031010902830910483,2019-12-27,2020-03-27,2020-06-26
413,SLG,312.346580338983,28.46121037333443,62.46444971375572,0.004174090766167068,0.021919762871225802,0.011698613018247397,2019-12-31,2020-03-31,2020-06-30
414,SNA,42.577736880466475,71.8083604743083,42.999307841958824,0.04118512292498424,0.02902457911492242,0.0496546007184305,2020-03-28,2020-06-27,2020-09-26
415,SO,147.3107788764045,64.71085802752293,88.43400714285714,0.016009497769463234,0.03112507138777841,0.02203068559779693,2019-12-31,2020-03-31,2020-06-30
416,LUV,55.24048927875244,-195.0973404255319,-21.030972677595628,0.05217656631407649,-0.010358126721763086,-0.08411472697186984,2019-12-31,2020-03-31,2020-06-30
417,SWK,122.4630774198895,109.16237676726726,87.74214190352349,0.021792191587404093,0.014877029955100856,0.023936944625734223,2019-12-28,2020-03-28,2020-06-27
418,SBUX,115.74766512363102,241.29423727162,-125.8798662293632,-0.13102264826402757,-0.04361163862365706,0.07868609074881693,2019-12-29,2020-03-29,2020-06-28
419,STT,50.32831766666667,29.82522123028391,32.63695410662824,0.02308542425606811,0.026570554461254767,0.027901740843484905,2019-12-31,2020-03-31,2020-06-30
420,STE,123.50009010578482,96.7680034885984,148.68025930377596,0.031019783130535553,0.03633485725465515,0.025380871359072417,2019-12-31,2020-03-31,2020-06-30
421,SYK,109.3348219586207,127.80340014198782,-815.1969277108434,0.056609666588584365,0.037590545177277924,-0.006507762270660185,2019-12-31,2020-03-31,2020-06-30
422,SIVB,49.615679459475906,57.86450221940394,47.80295530747787,0.04062496570873685,0.019278868371849514,0.03190560175031386,2019-12-31,2020-03-31,2020-06-30
423,SYF,30.543323392612855,33.47092566433567,267.23638,0.048449098621420994,0.023893065998329157,0.004033952432977561,2019-12-31,2020-03-31,2020-06-30
424,SNPS,219.01466486003403,220.66983697234352,122.86116879060222,0.025082029209701925,0.025711763459261405,0.05502940104549139,2020-01-31,2020-04-30,2020-07-31
425,SYY,112.50969712913853,-7637.644150659689,-42.632959019095466,0.15169379068701963,-0.0016250264923184598,-0.5337580365488735,2019-12-28,2020-03-28,2020-06-27
426,TMUS,90.34172792756326,76.40092183701368,1170.7676093272728,0.026086352426273923,0.03281913241536391,0.001746142612229348,2019-12-31,2020-03-31,2020-06-30
427,TROW,52.126605428204655,66.8866480909356,47.00373134328358,0.07678010729220934,0.05332608019894312,0.08932407009643445,2019-12-31,2020-03-31,2020-06-30
428,TTWO,85.47999425575343,110.67992185590195,181.28251420823682,0.06812640115568674,0.04833013290569949,0.033385162284215786,2019-12-31,2020-03-31,2020-06-30
429,TPR,24.546105153949128,-5.672058780091567,-11.798196051735875,0.08993498675656152,-0.2652070032509498,-0.12906343349147778,2019-12-28,2020-03-28,2020-06-27
430,TGT,66.91244508393285,190.79684302816904,37.38553107692308,0.07048085861573565,0.025427522607216403,0.13436158371760215,2020-02-01,2020-05-02,2020-08-01
431,TEL,1218.0709461538463,-45.468899561403504,-630.050487804878,0.0024628208771431278,-0.05029781601588352,-0.004537405931828243,2019-12-27,2020-03-27,2020-06-26
432,FTI,-3.881163678541839,-0.9263075458370444,262.7846153846154,-0.31517240478894937,-0.802706833645597,0.0028253362633116805,2019-12-31,2020-03-31,2020-06-30
433,TDY,135.8316788321168,122.95287086446105,123.26744995207669,0.029858336360334182,0.032535851939303445,0.031031064111037673,2020-03-29,2020-06-28,2020-09-27
434,TFX,163.66123822195541,103.64152401448723,1464.4302462639666,0.036338828994535666,0.04267783134788404,0.003698583522577954,2019-12-31,2020-03-29,2020-06-28
435,TXN,79.10051073253832,84.7075806521739,97.19850964745012,0.15179725885699508,0.18053375196232338,0.16252252252252253,2020-03-31,2020-06-30,2020-09-30
436,TXT,51.59422483366834,113.712161586,-82.41701456521739,0.03606379122870605,0.009035056017347307,-0.016645558168988602,2020-01-04,2020-04-04,2020-07-04
437,BK,31.288810690555554,30.290520415510198,35.92438705063157,0.03471301496998771,0.023818203912990644,0.021740622926058998,2019-12-31,2020-03-31,2020-06-30
438,CLX,103.52489684432432,90.58848301410788,90.82727069419354,0.3333333333333333,0.34676258992805753,0.34140969162995594,2019-12-31,2020-03-31,2020-06-30
439,COO,190.48241668508288,1236.4223304347827,253.71440217391304,0.024258182110595865,0.003170402227552174,0.014680070209031434,2020-01-31,2020-04-30,2020-07-31
440,HSY,146.83190091270205,105.58085320594385,98.67663003112669,0.1191262530027794,0.1622378952999316,0.15334183011567598,2019-12-31,2020-03-29,2020-06-28
441,MOS,-8.813142584147664,-20.0566202955665,100.36556075949366,-0.10026672472919275,-0.024206434380291433,0.0055810667608618865,2019-12-31,2020-03-31,2020-06-30
442,TRV,42.09141294999999,-717.3745,33.16344075816203,0.02380574511982225,-0.0014846156701183982,0.02969585981543323,2020-03-31,2020-06-30,2020-09-30
443,DIS,125.68948742287613,380.5704347826087,-41.805104850667234,0.02347449224015954,0.005088101585054254,-0.054981016933361285,2019-12-28,2020-03-28,2020-06-27
444,TMO,130.47478932135726,139.16781725888325,120.82880622837371,0.033765796124684076,0.027592002521096677,0.03869456066945607,2019-12-31,2020-03-28,2020-06-27
445,TIF,80.78272241550697,-236.19572321981425,478.2542946708464,0.06054951999759246,-0.020385622771308655,0.009981851179673321,2020-01-31,2020-04-30,2020-07-31
446,TJX,72.83414463408442,-65.12112741679051,-290.90179096256185,0.16556067604853358,-0.18726486099605463,-0.04596434469696726,2020-02-01,2020-05-02,2020-08-01
447,TSCO,115.80390078422478,44.713137033996894,84.96039092550234,0.061886368186106024,0.19972401266711093,0.10161173559305409,2020-03-28,2020-06-27,2020-09-26
448,TT,83.44002269503547,-670.6844811643837,89.89319853433837,0.04074247344377786,-0.0050583792398572565,0.04022301200963466,2019-12-31,2020-03-31,2020-06-30
449,TDG,106.48832894736843,65.3190407523511,-3796.828166666666,-0.07064838484778062,-0.07578997386552626,0.0014343772412144394,2019-12-28,2020-03-28,2020-06-27
450,TFC,48.12799898181818,62.45026578461538,38.024354235183445,0.025594093193522367,22.64516129032258,0.016091188447041372,2019-09-30,2019-12-31,2020-03-31
451,TWTR,212.85039318700376,-2283.670471653168,-16.989944963915224,0.013645189907708596,-0.0009545652629425964,-0.17994190430860055,2019-12-31,2020-03-31,2020-06-30
452,TYL,258.88667450309896,256.60703764458464,266.57726712684627,0.028935263917558924,0.02776104136307589,0.029459998425651387,2019-12-31,2020-03-31,2020-06-30
453,TSN,58.443325852782756,57.655968131868136,39.76985578747628,0.038629585962965535,0.025192054813481902,0.03546910755148741,2019-12-28,2020-03-28,2020-06-27
454,USB,60.67836460296097,44.16748693424424,80.53373004354137,0.028657936859969528,0.02272374446945587,0.013288331726133076,2019-12-31,2020-03-31,2020-06-30
455,UDR,136.88524124171693,2024.7715947136567,189.05059647920237,0.029071841293037276,0.0015071670542115374,0.01700486441968115,2019-12-31,2020-03-31,2020-06-30
456,ULTA,68.84471068925419,-153.9882474620744,1354.1177384500745,0.1170914791803139,-0.04476102349028683,0.004547115331944501,2020-02-01,2020-05-02,2020-08-01
457,UAA,-637.4413486670152,-7.073217400594559,-24.18403204024167,-0.007117851510194704,-0.38039517991459054,-0.12849037595527374,2019-12-31,2020-03-31,2020-06-30
458,UA,-546.495564585855,82.02863881151347,-558.4090597229483,-0.00847005820510342,0.047507366509013,-0.007117851510194704,2019-06-30,2019-09-30,2019-12-31
459,UNP,64.96707900949798,100.93596,98.07390066397652,0.09217684947783128,0.0688062241672745,0.07924879353450782,2020-03-31,2020-06-30,2020-09-30
460,UAL,-4.601041666666667,-5.971129071911493,-5.002171052631579,-0.18093013378636652,-0.19102970529529176,-0.27131229473082963,2020-03-31,2020-06-30,2020-09-30
461,UNH,79.26373860491387,70.6312232998226,42.662648787102604,0.061458622604831994,0.05935728451831441,0.10431598139067019,2019-12-31,2020-03-31,2020-06-30
462,UPS,-925.8373613207547,82.72618849740931,54.300801923076925,-0.032445668809305175,0.29251288269172476,0.4052257620903048,2019-12-31,2020-03-31,2020-06-30
463,URI,37.26026653846154,44.1732450867052,50.81068867924528,0.08825065274151436,0.04759284731774415,0.05426158177629895,2019-12-31,2020-03-31,2020-06-30
464,UHS,51.17927361935915,60.307957785647396,31.36252876802591,0.044544208368117975,0.026238964724990297,0.04428627756301279,2019-12-31,2020-03-31,2020-06-30
465,UNM,19.401327838082377,18.30314977099379,12.52719182715631,0.02972403411941796,0.016423376278932176,0.02513871267066866,2019-12-31,2020-03-31,2020-06-30
466,VLO,34.46514566037735,-9.67206871961102,18.772964325618513,0.048617162775764805,-0.09823797898312281,0.06313296719907291,2019-12-31,2020-03-31,2020-06-30
467,VAR,150.68119047619047,203.85162037037034,182.3850980392157,0.04774535809018567,0.023215821152192607,0.03165244375484872,2020-01-03,2020-04-03,2020-07-03
468,VTR,1825.1466232893472,21.037432571224453,-86.9033584017306,0.0010674868488194955,0.043683186676912907,-0.01490733493614611,2019-12-31,2020-03-31,2020-06-30
469,VRSN,62.91798566964767,156.72955305320733,138.32787823496452,-0.23711069508925467,-0.10888837154829882,-0.1233394024734391,2020-03-31,2020-06-30,2020-09-30
470,VRSK,187.12394338136156,134.30574173933604,156.98629004469274,0.05847487615003539,0.08252823840422975,0.08225724920729746,2019-12-31,2020-03-31,2020-06-30
471,VZ,48.309534052993136,52.37826948989413,48.01046259574468,0.08298721394250345,0.06902507889054975,0.07496371437229851,2019-12-31,2020-03-31,2020-06-30
472,VRTX,98.41138668184638,104.02834038154931,91.33078329571106,0.09584397930469181,0.09328153441827743,0.11135031961998297,2019-12-31,2020-03-31,2020-06-30
473,VFC,84.86410067806014,-46.404794667366716,-77.76267992003166,0.10180489054402869,-0.14409528512802122,-0.0980612497845566,2019-12-28,2020-03-28,2020-06-27
474,VIAC,25.9202125382263,16.725116279069766,29.913596673596675,0.07427879154993564,0.03836716484496989,0.03466916534525011,2019-12-31,2020-03-31,2020-06-30
475,V,128.04139853300734,116.02931297016862,179.95481567635906,0.09277005954068614,0.0891716061876536,0.06679990992005405,2019-12-31,2020-03-31,2020-06-30
476,VNO,59.218282618226,382.88693154795925,-38.83934469279776,0.030562846570796623,0.0025587144821864827,-0.028511100811416508,2019-12-31,2020-03-31,2020-06-30
477,VMC,135.29957368969403,237.57046884563044,73.27241475876065,0.025097223212899224,0.010778977827053378,0.036417505370695526,2019-12-31,2020-03-31,2020-06-30
478,WRB,111.58833877927347,-2242.4104045043005,151.0330336794836,0.019639044935266015,-0.0008042268327424809,0.012283843315665469,2019-12-31,2020-03-31,2020-06-30
479,WAB,109.82017936624909,82.21727634408602,125.93343594470046,0.01362928740019083,0.011432317810239914,0.008816120906801008,2019-12-31,2020-03-31,2020-06-30
480,WBA,41.82785950369588,-21.940301908665102,89.63750134048259,0.03992579788355327,-0.08236485508993587,0.01807433250957019,2020-02-29,2020-05-31,2020-08-31
481,WMT,77.94983356677132,86.05707964912281,56.674232489190864,0.05545808836331007,0.05847010550996483,0.08599123622360909,2020-01-31,2020-04-30,2020-07-31
482,WM,107.5181987919463,108.26839335180055,145.5404728338762,0.0632427843803056,0.053537001334717484,0.04455086344507329,2019-12-31,2020-03-31,2020-06-30
483,WAT,74.59441792205074,216.72744408349203,88.40286539384523,-0.9278161280926203,-0.15846792446131497,-0.6411167089109324,2019-12-31,2020-03-28,2020-06-27
484,WEC,117.16603112203111,60.76170669169612,113.7057926124639,0.024073818490112187,0.043645476890452554,0.02326653287370008,2019-12-31,2020-03-31,2020-06-30
485,WFC,76.55560613296205,177.40120361408884,-43.99753385876419,0.01535165058296731,0.0035738131984807187,-0.013261904496448998,2019-12-31,2020-03-31,2020-06-30
486,WELL,143.50046719388027,59.29198761779531,119.70339498622005,0.014434851410937808,0.019233135411292644,0.011169269460510688,2019-12-31,2020-03-31,2020-06-30
487,WST,177.63603255086073,154.47106931359352,187.95021326754383,0.04061784897025172,0.04985907931821232,0.05677644275664571,2019-12-31,2020-03-31,2020-06-30
488,WDC,-136.72540143884893,681.0370588235295,85.45351351351351,-0.014820343320183388,0.0018392296873309532,0.015495759606323945,2020-01-03,2020-04-03,2020-07-03
489,WU,82.29494342688331,42.49023695529145,55.231822112415074,-3.427848101265823,-1.1803607214428857,-2.2057220708446867,2019-12-31,2020-03-31,2020-06-30
490,WRK,78.4502051263538,48.915491694800814,40.95428235294118,0.011712275479484491,0.012898000418031073,0.015239347397358513,2019-12-31,2020-03-31,2020-06-30
491,WY,-1589.6833895,84.428515,233.0175088888889,-0.0017121193591781826,0.01855976243504083,0.008778346744696415,2019-12-31,2020-03-31,2020-06-30
492,WHR,35.08235921052631,230.49630685714286,28.996256769269518,0.04967320261437908,0.011597084161696488,0.11776920795016316,2020-03-31,2020-06-30,2020-09-30
493,WMB,221.97025246774194,-32.540349150870405,76.24201524752475,0.009279353438599118,-0.04184879391290271,0.024811660661644284,2019-12-31,2020-03-31,2020-06-30
494,WLTW,47.893481617647055,72.14202950819673,272.37765957446805,0.05307834910722997,0.029718405924193704,0.009095307208514756,2019-12-31,2020-03-31,2020-06-30
495,WYNN,-201.27387569301638,-15.968793842357792,-12.467848514031532,-0.04184745660611172,-0.3236778333293079,-1.029127435962416,2019-12-31,2020-03-31,2020-06-30
496,XEL,112.88212191780822,107.01065491525424,114.76480836236935,0.02205604652919405,0.022177116223124342,0.021441912588718717,2019-12-31,2020-03-31,2020-06-30
497,XRX,9.902449370537898,-1981.2982,122.07479370370369,0.141010170660231,-0.0003566969859104691,0.004744333157617291,2019-12-31,2020-03-31,2020-06-30
498,XLNX,116.11580948489444,237.30921335308412,126.1271526230858,0.0700883653002593,0.040452602177998176,0.07901707288335914,2020-03-28,2020-06-27,2020-09-26
499,XYL,119.7392850440678,308.506282368421,377.2285412903226,0.039905309435238415,0.013513513513513514,0.010854341736694677,2019-12-31,2020-03-31,2020-06-30
500,YUM,63.06257581967213,250.93070361445783,128.8908203883495,-0.06087824351297405,-0.010086280228460323,-0.025407005426739022,2019-12-31,2020-03-31,2020-06-30
501,ZBRA,81.61022330414201,112.64584991910111,132.267733866,0.09189777052746058,0.05153445280833816,0.05546311702717693,2019-12-31,2020-03-28,2020-06-27
502,ZBH,96.59097530402245,-40.962777581120946,-119.47554695062924,0.02588774711214795,-0.04280807502567643,-0.017747006373803838,2019-12-31,2020-03-31,2020-06-30
503,ZION,49.45086623278689,323.7694641,83.89013325757576,0.024887800897592818,0.001873661670235546,0.008712871287128714,2019-12-31,2020-03-31,2020-06-30
504,ZTS,162.66762890416666,132.86927777777777,173.54674912466842,0.14180206794682423,0.15365056302215765,0.12642521797451375,2019-12-31,2020-03-31,2020-06-30
